專案名稱,抽驗日期,分類,檢體名稱,抽驗行政郵遞區號,抽驗地點,檢驗結果,不符合規定原因
蔬果,20240102,柑桔類,金棗,104,旺旺水果行(龍江水果行)/臺北市中山區龍江路189號,不符合規定,"殺蟲劑Chlorpyrifos	陶斯松0.03ppm(標準：0.01ppm以下)	
殺菌劑Famoxadone	凡殺同0.68ppm(標準：0.01ppm以下)	
殺蟲劑Fenvalerate	芬化利2.8ppm(標準：2.0ppm以下)		"
蔬果,20240102,小葉菜類,九層塔(羅勒),104,龍來餐飲有限公司(儂來美食)/臺北市中山區民生東路2段147巷11弄2-1號,不符合規定,"殺菌劑Boscalid	白克列21.87ppm(標準：0.01ppm以下)	
殺菌劑Procymidone	撲滅寧10.3ppm(標準：5.0ppm以下)	"
蔬果,20240103,小漿果類,大湖草莓,106,一級鮮果商行/臺北市大安區仁愛路4段408號,不符合規定,"殺蟲劑Methomyl	納乃得3.1ppm(標準：2.0ppm以下)	
殺菌劑Pyraclostrobin	百克敏1.4ppm(標準0.5ppm以下)	"
蔬果,20240117,包葉菜類,芥菜(包心芥菜),105,無市招菜攤(陳O宏)/臺北市松山區八德路3段74巷3弄22號,不符合規定,"殺蟲劑Cypermethrin	賽滅寧1.6ppm(標準：1.0ppm以下)	
殺蟲劑Dinotefuran	達特南4.6ppm(標準：2.0ppm以下)	"
蔬果,20240117,小漿果類,日本福岡草莓,105,微風超市股份有限公司(Breeze Super)/臺北市松山區南京東路3段337號2樓,不符合規定,"殺蟲劑Flonicamid	氟尼胺0.22ppm(標準：0.01ppm以下)	"
蔬果,20240116,包葉菜類,結球白菜,111,全聯實業股份有限公司天母天玉分公司/臺北市士林區天母西路3號地下,不符合規定,"殺蟲劑Pyriproxyfen	百利普芬0.08ppm(標準：0.01ppm以下)	"
蔬果,20240102,包葉菜類,刈菜(包心芥菜),104,臺北市第二果菜批發市場18-09號攤/臺北市中山區民族東路336號,不符合規定,"殺菌劑Flutolanil	福多寧0.05ppm(標準：0.01ppm以下)	"
蔬果,20240117,小漿果類,日本熊本草莓,115,阿一蔬果有限公司/臺北市南港區忠孝東路6段85號,不符合規定,"殺蟲劑Flonicamid	氟尼胺0.04ppm(標準：0.01ppm以下)	"
蔬果,20240116,小漿果類,日本MOMO草莓,100,梅林水果行/臺北市中正區開封街1段81、83號1樓,不符合規定,"殺蟲劑Flonicamid	氟尼胺0.03ppm(標準：0.01ppm以下)	"
蔬果,20240117,小葉菜類,芥蘭花,105,天香/臺北市松山區八德路3段76號中崙市場第24號攤,不符合規定,"殺蟲劑Emamectin benzoate	因滅汀0.12ppm(標準：0.05ppm以下)	"
蔬果,20240116,小葉菜類,茼蒿,108,林O省(蔬菜承銷人3067)/臺北市萬華區萬大路533號(第一果菜批發市場地號1610),不符合規定,"殺菌劑Difenoconazole	待克利2.1ppm(標準：1.0ppm以下)	"
蔬果,20240116,小葉菜類,茼蒿,111,錢儷小吃店(錢都日式涮涮鍋)/臺北市士林區福國路71號1樓,不符合規定,"殺菌劑Chlorothalonil四氯異苯腈4.1ppm(標準：2.0ppm以下)	"
蔬果,20240103,小葉菜類,茼蒿,106,三商家購股份有限公司大安樂業門市(美廉社)/臺北市大安區樂業街141號,不符合規定,"殺菌劑Chlorothalonil	四氯異苯腈3.9ppm(標準：2.0ppm以下)	"
蔬果,20240116,小葉菜類,青江菜,100,鼎王國際餐飲股份有限公司無老台北中華分公司(無老鍋西門町店)/臺北市中正區中華路1段55號2樓,不符合規定,"殺蟲劑Tolfenpyrad	脫芬瑞0.9ppm(標準：0.5ppm以下)	"
蔬果,20240102,小漿果類,大湖草莓,104,旺旺水果行（龍江水果行）/臺北市中山區龍江路189號,不符合規定,"殺菌劑Fludioxonil	護汰寧2.2ppm(標準：2.0ppm以下)	"
網路販售市售辣椒粉食品,20240219,包裝,紅辣椒粉,110,"家樂福線上購物
(https://online.carrefour.com.tw/)",不符合規定,"克美素-0.1ppm
(標準：不得檢出)"
網路販售市售辣椒粉食品,20240219,包裝,真好家辣椒粉,110,"Pchome24h購物
(https://24h.pchome.com.tw/)",不符合規定,"1.蘇丹三號-8ppb
(標準：不得檢出)
2.克美素-0.07ppm
(標準：不得檢出)"
網路販售市售辣椒粉食品,20240219,包裝,匈牙利紅椒粉,103,"momo購物網
(https://www.momoshop.com.tw/main/Main.jsp)",不符合規定,"1.二、四地(2,4-D)-0.27ppm
(標準：0.05ppm)
2.克美素-0.16ppm
(標準：不得檢出)"
網路販售市售辣椒粉食品,20240219,包裝,極辣朝天椒,110,"蝦皮購物-紀宸商行-南北貨批發
(https://shopee.tw/jichenhang)",不符合規定,"1.蘇丹三號-4ppb
(標準：不得檢出)
2.克美素-0.06ppm
(標準：不得檢出)"
網路販售市售辣椒粉食品,20240219,包裝,泰式辣椒粉,110,"蝦皮購物-泰菲印越2.0
(https://shopee.tw/tfiv2.0)",不符合規定,"1.蘇丹三號-8ppb
(標準：不得檢出)
2.克美素-0.07ppm
(標準：不得檢出)"
網路販售市售辣椒粉食品,20240219,包裝,細粉紅辣椒,116,遠百企業股份有限公司景美分公司/臺北市文山區景中街30巷12號1.2樓,不符合規定,"克美素-0.08ppm
(標準：不得檢出)"
祭祀食品,20240216,豆乾類,豆干碎丁,110,阿泓潤餅/臺北市信義區吳興街189號,不符合規定,苯甲酸1.25g/kg(標準：0.6g/kg以下)
祭祀食品,20240216,花生粉,花生粉,114,豪棧小吃店/臺北市內湖區內湖路1段285巷59弄1號,不符合規定,總黃麴毒素30.8ug/kg(標準：4ug/kg以下)、黃麴毒素B1 25.2ug/kg (標準：2ug/kg以下)
祭祀食品,20240216,豆乾類,豆干絲,114,"麗山市場第70攤/臺北市內湖區內湖路1段737巷50弄6號	",不符合規定,苯甲酸1.3g/kg(標準：0.6g/kg以下)
生鮮禽畜肉品,20240220,雞肉,烏骨雞,105,新東南海鮮餐廳松山館/臺北市松山區八德路4段656號1樓、2樓,不符合規定,"三甲氧芐氨嘧啶(trimethoprim): 0.1ppm
（標準：0.05ppm）"
生鮮禽畜肉品,20240220,雞肉,烏骨雞,105,武昌市場-無市招攤販/臺北市松山區南京東路5段59巷27弄27號,不符合規定,"三甲氧芐氨嘧啶(trimethoprim): 0.1ppm
（標準：0.05ppm）"
生鮮禽畜肉品,20240221,雞肉,烏骨雞,108,環南市場家禽區-健業生鮮肉品(13號攤)/臺北市萬華區環河南路二段245號 - 家禽區13號攤,不符合規定,"三甲氧芐氨嘧啶(trimethoprim): 0.09ppm
（標準：0.05ppm）"
生鮮禽畜肉品,20240221,雞肉,雞胗,100,南門市場-光揚家禽畜產(7.8號攤)/臺北市中正區羅斯福路一段8號B103-06,不符合規定,"脫氧羥四環黴素(Doxycycline): 0.4ppm
（標準：0.3 ppm）"
生鮮禽畜肉品,20240222,雞肉,雞胗,110,永春市場65號攤-專售花東的雞/臺北市信義區松山路294號,不符合規定,"脫氧羥四環黴素(Doxycycline): 0.8ppm
（標準：0.3 ppm）"
生鮮禽畜肉品,20240229,雞蛋,心樸冷藏鮮雞蛋(白蛋),108,三商家購股份有限公司(美廉社萬華雙園店)/臺北市萬華區雙園街13號1樓,不符合規定,"乃卡巴精(nicarbazin):
0.016 ppm
(標準:不得檢出)"
生鮮禽畜肉品,20240301,雞蛋,紅蛋,104,有利蛋行/臺北市中山區新生北路3段11巷49號,不符合規定,"甲磺氯黴素(Thiamphenicol):
0.005 ppm(標準:不得檢出)
氟滅菌(flumequine):
0.07 ppm(標準:不得檢出)"
油品抽驗計畫,20240220,葡萄籽油,日清葡萄籽油,110,微風超市股份有限公司(Breeze Super)/臺北市信義區松智路17號B1F,不符合規定,檢出反式脂肪酸甲基酯(15項) 0.88 g/100 mL，惟案內產品外包裝營養標示每份(10毫升)反式脂肪含量為「0」，標示不實。
茶葉、花草茶,20240220,花草茶,薰衣草,103,"湘帝蔘茸有限公司/臺北市大同區迪化街1段58號1樓	",不符合規定,"殺蟲劑Acetamiprid	亞滅培
0.21ppm(標準：0.05ppm以下)	"
茶葉、花草茶,20240220,花草茶,蝶豆花,104,閤家生活開發有限公司民權店(8% ice CAFÉ)/臺北市中山區民權東路1段79號1樓,不符合規定,"殺菌劑Carbendazim	貝芬替
0.21ppm(標準：0.05ppm以下)	
殺蟲劑Cypermethrin	賽滅寧
0.21ppm(標準：0.03ppm以下)	
殺蟲劑Fipronil	芬普尼
0.006ppm(標準：0.002ppm以下)	
殺蟲劑Imidacloprid	益達胺
0.29ppm(標準：0.05ppm以下)	
殺菌劑Isoprothiolane	亞賜圃
0.18ppm(標準：0.05ppm以下)	"
茶葉、花草茶,20240220,花草茶,粉紅玫瑰,112,牙口義大利麵館/臺北市北投區大興街9巷45號,不符合規定,"殺蟲劑Phosalone裕必松 
0.19 pm（標準：不得檢出）"
茶葉、花草茶,20240221,花草茶,乾燥蝶豆花20G,106,棋軒實業有限公司(棋美點心屋)/臺北市大安區復興南路2段292號,不符合規定,"殺蟲劑Cypermethrin	賽滅寧
0.11ppm(標準：0.03ppm以下)"
茶葉、花草茶,20240222,花草茶,大馬士革玫瑰花茶,114,運立國際有限公司/臺北市內湖區基湖路35巷16號4樓,不符合規定,"殺蟲劑Cypermethrin	賽滅寧
0.04ppm(標準：0.03ppm以下)	
殺蟲劑Deltamethrin	第滅寧
0.04ppm(標準：0.03ppm以下)
殺菌劑Tebuconazole	得克利
0.72ppm(標準：0.05ppm以下)	"
茶葉、花草茶,20240223,花草茶,紫玫瑰花,108,燒杯咖啡餐坊(燒杯咖啡藝廚)/臺北市萬華區西園路1段240號1樓,不符合規定,"殺蟲劑Omethoate	歐滅松
0.07ppm(標準：不得檢出)	"
茶葉、花草茶,20240223,花草茶,蝶豆花,108,象泰泰手工泰式奶茶店(象泰泰)/臺北市萬華區武昌街2段100號1樓,不符合規定,"殺蟲劑Bifenthrin	畢芬寧
0.07ppm(標準：0.03ppm以下)
殺蟲劑Cypermethrin	賽滅寧
0.06ppm(標準：0.03ppm以下)
殺蟲劑Fipronil	芬普尼
0.003ppm(標準：0.002ppm以下)	
殺蟲劑Triazophos	三落松
0.08ppm(標準：0.05ppm以下)	"
茶葉、花草茶,20240223,花草茶,洋甘菊花茶,100,非凡品樂有限公司(HERITAGE)/臺北市中正區漢口街1段73之2號1樓,不符合規定,"
殺菌劑Triadimenol	三泰隆
0.27ppm(標準：0.05ppm以下)	"
茶葉、花草茶,20240222,花草茶,蝶豆花,105,伍五伍商行(泰讚了thai like tea市民店)/臺北市松山區市民大道5段37號,不符合規定,"殺蟲劑Cypermethrin	賽滅寧0.04ppm(標準：0.03ppm以下)	"
蔬果,20240305,小漿果類,迷迭香_新鮮香草,110,食代嚴選（https://www.fresh2you.tw）,不符合規定,"殺蟲劑Bifenthrin	畢芬寧1.89ppm(標準：0.01ppm以下)	
殺菌劑Carbendazim	貝芬替0.02ppm(標準：0.01ppm以下)	
殺蟲劑Chlorfenapyr	克凡派0.09ppm(標準：0.01ppm以下)	
殺菌劑Difenoconazole	待克利0.54ppm(標準：0.01ppm以下)	
殺菌劑Dimethomorph	達滅芬0.60ppm(標準：0.01ppm以下)	
殺蟲劑Dinotefuran	達特南0.74ppm(標準：不得檢出)
殺蟲劑Fenvalerate	芬化利0.26ppm(標準：0.01ppm以下)	
殺蟲劑Flubendiamide	氟大滅0.56ppm(標準：不得檢出)	
殺菌劑Fluopicolide	氟比來0.03ppm(標準：0.01ppm以下)	
殺蟲劑Methomyl	納乃得10.26ppm(標準：不得檢出)	
殺線蟲劑Oxamyl	毆殺滅0.04ppm(標準：0.01ppm以下)	
殺菌劑Procymidone	撲滅寧0.16ppm(標準：0.01ppm以下)	
殺蟲劑Profenophos	佈飛松0.03ppm(標準：0.01ppm以下)	
殺菌劑Propamocarb hydrochloride	普拔克0.32ppm(標準：0.01ppm以下)	
殺菌劑Pyraclostrobin	百克敏0.07ppm(標準：0.01ppm以下)	
殺蟲劑Pyriproxyfen	百利普芬0.06ppm(標準：0.01ppm以下)	
殺蟎劑Spirotetramat	賜派滅0.02ppm(標準：不得檢出)	
殺菌劑Thiabendazole	腐絕0.06ppm(標準：0.01ppm以下)	
殺蟲劑Thiodicarb	硫敵克0.10ppm(標準：0.01ppm以下)	"
蔬果,20240305,香辛植物及其他草木本植物,山咖哩葉_九里香_新鮮香草,110,食代嚴選（https://www.fresh2you.tw）,不符合規定,"殺草劑Ametryn	草殺淨0.01ppm(標準：不得檢出)	
殺蟲劑Carbofuran	加保扶0.02ppm(標準：不得檢出)	
殺蟲劑Chlorpyrifos	陶斯松0.03ppm(標準：0.01ppm以下)	
殺蟲劑Fenitrothion	撲滅松0.04ppm(標準：0.01ppm以下)	
殺菌劑Hexaconazole	菲克利0.02ppm(標準：0.01ppm以下)	
殺草劑Oxadiazon	樂滅草0.02ppm(標準：0.01ppm以下)	
殺草劑Pendimethalin	施得圃0.03ppm(標準：0.01ppm以下)	
殺蟲劑Phorate	福瑞松0.02ppm(標準：不得檢出)	
殺草劑Thiobencarb	殺丹0.02ppm(標準：0.01ppm以下)	"
蔬果,20240305,香辛植物及其他草木本植物,義大利芹菜(歐芹)(巴西利),108,3446何O獅/臺北市萬華區萬大路533號地號930,不符合規定,"殺蟲劑Acetamiprid	亞滅培0.37ppm(標準：0.01ppm以下)	
殺菌劑Dimethomorph	達滅芬0.62ppm(標準：0.01ppm以下)	
殺蟲劑Dinotefuran	達特南0.03ppm(標準：不得檢出)	
殺蟲劑Methomyl	納乃得2.28ppm(標準：不得檢出)	
殺菌劑Pyraclostrobin	百克敏0.12ppm(標準：0.01ppm以下)	
殺蟲劑Thiodicarb	硫敵克0.03ppm(標準：0.01ppm以下)	"
蔬果,20240305,香辛植物及其他草木本植物,香菜(芫荽),104,陳O明（臺北市中山區民族東路410巷55號門口前/榮濱市場路邊攤）,不符合規定,"殺菌劑Dimethomorph	達滅芬0.02ppm(標準：0.01ppm以下)	
殺菌劑Propamocarb hydrochloride	普拔克0.21ppm(標準：0.01ppm以下)	
殺蟲劑Terbufos	托福松0.05ppm(標準：不得檢出)"
蔬果,20240305,香辛植物及其他草木本植物,義大利芹菜-平葉巴西利-新鮮香草,110,食代嚴選（https://www.fresh2you.tw）,不符合規定,"殺菌劑Carbendazim	貝芬替0.05ppm(標準：0.01ppm以下)	
殺蟲劑Chlorfenapyr	克凡派0.02ppm(標準：0.01ppm以下)	
殺蟲劑Dinotefuran	達特南0.20ppm(標準：不得檢出)	"
蔬果,20240304,豆菜類,青菜豆(豇豆),111,天寶小吃店(全國健康素食)/臺北市士林區天母西路32號,不符合規定,"殺蟎劑Formetanate	覆滅蟎0.40ppm(標準：不得檢出)	
殺蟲劑Thiamethoxam	賽速安0.04ppm(標準：0.02ppm以下)	"
蔬果,20240306,小葉菜類,韭菜花,110,大地美饌有限公司(KiKi餐廳)/臺北市信義區松壽路12號6樓,不符合規定,"殺菌劑Cyproconazole	環克座0.3ppm(標準：0.2ppm以下)	
殺蟎劑Spirodiclofen	賜派芬0.81ppm(標準：0.01ppm以下)	"
蔬果,20240305,根莖菜類,白蘿蔔5A3,104,"吳O玲/臺北市中山區民族東路410巷2弄10號前榮濱市場路邊攤	",不符合規定,"殺蟲劑Dinotefuran	達特南0.17ppm(標準：0.05ppm以下)	
殺蟲劑Malathion	馬拉松0.02ppm(標準：0.01ppm以下)	"
蔬果,20240304,小漿果類,日本熊本草莓(2入/箱),110,新鮮屋（https://www.fresco.casa）,不符合規定,殺蟎劑Acrinathrin 阿納寧0.01 ppm（標準：不得檢出）
蔬果,20240304,小葉菜類,九層塔(羅勒),111,天寶小吃店(全國健康素食)/臺北市士林區天母西路32號,不符合規定,"殺蟲劑Chlorpyrifos	陶斯松0.28ppm(標準：0.01ppm以下)	"
蔬果,20240306,小葉菜類,青蔥粉蔥,110,無市招菜攤（邵O祥/臺北市信義區虎林街122號）,不符合規定,"殺蟎劑Spirodiclofen	賜派芬0.08ppm(標準：0.01ppm以下)	"
蔬果,20240305,包葉菜類,白花椰菜,108,3232林O梅/臺北市萬華區萬大路533號地號216,不符合規定,"殺蟲劑Emamectin benzoate	因滅汀0.34ppm(標準：0.05ppm以下)	"
蔬果,20240305,小葉菜類,青蔥,108,3576陳O利/臺北市萬華區萬大路533號地號327,不符合規定,"殺草劑Oxadiazon	樂滅草0.03ppm(標準：0.01ppm以下)	"
蔬果,20240306,小葉菜類,大芥菜,110,無市招菜攤(邵O祥)/臺北市信義區虎林街122號,不符合規定,殺蟲劑Diflubenzuron二福隆2.4 ppm（標準：1.0 ppm以下）
蔬果,20240402,小葉菜類,九層塔(羅勒),111,欣盛小吃店(晴光精緻自助餐)/臺北市士林區中正路363號,不符合規定,"殺菌劑Azoxystrobin	亞托敏1.2ppm(標準：1.0ppm以下)	
殺蟲劑Chlorpyrifos	陶斯松0.04ppm(標準：不得檢出)			
殺菌劑Cyazofamid	賽座滅0.04ppm(標準：0.01pm以下)	
殺草劑Oxadiazon	樂滅草0.02ppm(標準：0.01ppm以下)	"
蔬果,20240409,小葉菜類,九層塔(羅勒),106,全國食養創作全自助餐復興店(全國素食精緻全自助餐)/臺北市大安區復興南路2段314號,不符合規定,"殺蟲劑Chlorpyrifos陶斯松0.45ppm(標準：不得檢出)
殺菌劑Cyazofamid	賽座滅0.03ppm(標準：0.01ppm以下)	
殺蟲劑Imidacloprid	益達胺1.2ppm(標準：1.0ppm以下)	"
蔬果,20240411,小葉菜類,韭菜花,108,第一果菜批發市場王黃O彫/臺北市萬華區萬大路533號地號410,不符合規定,"殺蟲劑3-羥基加保扶(3-OH Carbofuran)0.11ppm、加保扶(Carbofuran)0.41ppm、丁基加保扶(Carbosulfan)0.08ppm(標準：0.5ppm以下)
殺蟎劑Spirodiclofen	賜派芬0.02ppm(標準：0.01ppm以下)	
殺蟲劑	Tolfenpyrad	脫芬瑞0.20ppm(標準：0.01ppm以下)	"
蔬果,20240411,小葉菜類,九層塔(羅勒),100,祥和小吃店(祥和蔬食精緻料理)/臺北市中正區鎮江街1巷1號,不符合規定,"殺草劑Ametryn草殺淨0.06ppm（ 標準： 不得檢出） 
殺菌劑Propamocarb hydrochloride普拔克13.9ppm（標準：10.0ppm以下）"
蔬果,20240403,果菜類,朝天椒(辣椒),105,佰芸蔬菜行/臺北市松山區八德路3段74巷3弄18號,不符合規定,"殺蟲劑Buprofezin布芬淨0.02ppm（標準：不得檢出）
殺菌劑Pyraclostrobin百克敏0.8ppm（標準：0.5ppm以下）"
蔬果,20240409,小葉菜類,韭菜花,106,川妹子小吃店/臺北市大安區光復南路240巷52號,不符合規定,"殺蟲劑3-酮基加保扶（ 3-keto Carbofuran） 0.04ppm、3-羥基加保扶（ 3-OH Carbofuran）0.54ppm、加保扶（Carbofuran）1.06ppm、丁基加保扶（Carbosulfan）0.20ppm（標準：0.5ppm以下）
殺蟎劑Spirodiclofen賜派芬0.11ppm（標準：0.01ppm以下）"
蔬果,20240402,小葉菜類,青蒜,112,丁O江蔬果行/臺北市北投區清江路35號,不符合規定,"殺菌劑Fluxapyroxad	氟克殺0.03ppm(標準：不得檢出)	"
蔬果,20240403,根莖菜類,白蘿蔔,104,陳O溪(第二果菜批發市場23-12號攤)/臺北市中山區民族東路336號1樓,不符合規定,殺蟲劑Fipronil芬普尼0.006ppm、Fipronilsulfone芬普尼代謝物0.013ppm（標準：0.001ppm以下）
蔬果,20240403,小葉菜類,九層塔(羅勒),105,全國食養創作全自助餐/臺北市松山區南京東路5段123巷31號,不符合規定,殺菌劑Azoxystrobin亞托敏5.4ppm（標準：1.0ppm以下）
蔬果,20240410,小葉菜類,青蔥,111,瓦城泰統股份有限公司天母SOGO店(非常泰)/臺北市士林區中正路6段77號8樓,不符合規定,殺蟲劑Fipronil-sulfone芬普尼代謝物0.004ppm（標準：0.001ppm以下）
蔬果,20240403,小葉菜類,青蔥,104,高O松/臺北市中山區民族東路336號1樓第二果菜批發市場11-08號攤,不符合規定,"殺蟎劑	Spirodiclofen	賜派芬0.02ppm(標準：0.01ppm以下)	"
蔬果,20240403,小葉菜類,韭菜花,104,陳O宏(第二果菜批發市場23-11號攤/臺北市中山區民族東路336號）,不符合規定,殺蟲劑3-keto Carbofuran3-酮基加保扶0.02ppm、3-O H C arbofuran3-羥基加保扶0.22ppm 、Carbofuran加保扶0.51ppm、Carbosulfan丁基加保扶0.05ppm（標準：0.5ppm以下）
蔬果,20240409,果菜類,辣椒條,106,全國食養創作全自助餐復興店(全國素食精緻全自助餐)/臺北市大安區復興南路2段314號,不符合規定,"殺蟲劑Chlorfenapyr	克凡派0.7ppm(標準：0.5ppm以下)	"
米濕製品,20240410,糕粿類製品,蘿蔔糕,105,田中湯圓/臺北市松山區南京東路5段291巷10號,不符合規定,"苯甲酸：2.9g/kg
（標準：1.0g/kg）"
蔬果,20240503,小葉菜類,九層塔(羅勒),110,欣葉台菜信義新天地A9館/臺北市信義區松壽路9號8樓,不符合規定,"殺菌劑Mandipropamid	曼普胺0.06ppm(標準：不得檢出)
殺菌劑Oxathiapiprolin	歐西比0.01ppm(標準：不得檢出)	"
蔬果,20240507,小葉菜類,羅勒(九層塔),108,第一果菜批發市場地號433/臺北市萬華區萬大路533號,不符合規定,"殺草劑Ametryn	草殺淨0.01ppm(標準：不得檢出)	
殺菌劑Dimethomorph	達滅芬2.6ppm(標準：2.5ppm以下)	"
蔬果,20240507,根莖菜類,白蘿蔔,111,上禾食堂(潮味決湯滷專門店士林中正店)/臺北市士林區中正路358號,不符合規定,"殺蟲劑Thiamethoxam	賽速安0.48ppm(標準：0.25ppm以下)	
殺蟲劑Trichlorfon	三氯松0.04ppm(標準：0.01ppm以下)	"
蔬果,20240509,梨果類,加州紅櫻桃,104,協豐水果行/臺北市中山區民族東路336號6-08攤,不符合規定,"殺菌劑Mefentrifluconazole	滅芬座0.12ppm(標準：不得檢出)	"
蔬果,20240502,大漿果類,木瓜,115,菓之鄉水果專賣店/臺北市南港區同德路60號,不符合規定,"殺蟎劑Bifenazate	必芬蟎0.07ppm(標準：不得檢出)	"
蔬果,20240502,小葉菜類,台灣特選韭菜花,114,幸福品味實業股份有限公司(美福食集)/臺北市內湖區民善街128號,不符合規定,"殺蟎劑Fenbutatin-oxide	芬佈賜0.03ppm(標準：不得檢出)	"
蔬果,20240501,大漿果類,百香果,104,鼎皇麻辣火鍋店(天外天麻辣火鍋)/臺北市中山區民權東路2段1號,不符合規定,"殺蟲劑Cyromazine	賽滅淨0.02ppm(標準：不得檢出)	"
蔬果,20240502,小葉菜類,紅鳳菜,115,嘉年華小吃店/臺北市南港區同德路72號1樓,不符合規定,"殺菌劑Fenoxanil	芬諾尼0.01ppm(標準：不得檢出)"
蔬果,20240507,小葉菜類,韭菜花,108,田心蔬果(田進和)/臺北市萬華區環河南路2段245號環南綜合市場蔬菜攤250號攤,不符合規定,"殺菌劑Cyprodinil	賽普洛0.04ppm(標準：0.01ppm以下)	"
蔬果,20240502,小葉菜類,台灣特選九層塔,114,幸福品味實業股份有限公司(美福食集)/臺北市內湖區民善街128號,不符合規定,"殺菌劑Pyraclostrobin	百克敏0.03ppm(標準：0.01ppm以下)	"
蔬果,20240503,根莖菜類,白蘿蔔,110,微風超市股份有限公司(微風超市南山店/Breeze Super)/臺北市信義區松智路17號B1,不符合規定,"殺蟲劑Dinotefuran	達特南0.15ppm(標準：0.05ppm以下)	"
蔬果,20240501,小葉菜類,韭菜花,104,蔬菜攤/臺北市中山區龍江路179巷15之5號,不符合規定,"殺蟲劑Pyriproxyfen	百利普芬0.19ppm(標準：0.01ppm以下)	"
生鮮水產品,20240409,蟹類,扁蟹,115,六福開發股份有限公司南港分公司/臺北市南港區忠孝東路7段359號7樓,不符合規定,"鎘：0.6mg/kg
(標準：0.5mg/kg)"
生鮮水產品,20240409,養殖魚類,黃魚,100,李碧綺號(南門鮮魚號)/臺北市中正區羅斯福路1路8號(南門市場B1-47),不符合規定,"還原型結晶紫（leucocrystal violet, LCV） 0.6 ppb（標準
：不得檢出）"
調味料,20240531,辣椒粉,辣椒粉,111,民友商行（民友超級商店）/臺北市士林區中正路586巷20號,不符合規定,"二‧四地（2,4-D）:0.1ppm
（標準:0.05ppm）"
美耐皿,20240515,塑膠類,101-1（2031）敦煌豆油池,112,一加一五金行/臺北市北投區中央南路1段154號,不符合規定,本體未以印刷、打印或壓印方式標示耐熱溫度。
美耐皿,20240517,塑膠類,美耐皿餐具(湯匙),108,嘉政國際有限公司/臺北市萬華區環河南路1段181-6、181-7號1樓,不符合規定,"1.未標示淨重、容量或數量。
2.未標示湯匙耐熱溫度。"
散裝飲冰品及配料,20240606,飲料,四季青茶(含冰塊),100,甯臻恩飲料店(黑丸嫩仙草古亭店)/臺北市中正區同安街65號,不符合規定,"腸桿菌科：1.6x10^3 CFU/mL
(標準：10 CFU/mL)"
散裝飲冰品及配料,20240605,飲料,橙香鮮茶(原汁含冰塊不含配料),114,珍煮丹股份有限公司內湖江南分公司/臺北市內湖區江南街108號1樓,不符合規定,"腸桿菌科：18 CFU/mL
(標準：10 CFU/mL)"
散裝飲冰品及配料,20240507,配料,魔法水晶,104,崑成商行(酷加飲品)/臺北市中山區龍江路342巷23號,不符合規定,"己二烯酸：0.33g/kg
(標準：不得檢出)"
散裝飲冰品及配料,20240605,飲料,金麥文火烏龍(含冰),106,沐鑫國際餐飲有限公司(烈奶茶忠孝復興店)/臺北市大安區復興南路1段133號,不符合規定,"腸桿菌科：4.6x10^4 CFU/mL
(標準：10 CFU/mL)"
散裝飲冰品及配料,20240606,冰品,紅豆牛奶冰(不含配料),108,杏玥冰坊/臺北市萬華區寶興街129號1樓,不符合規定,"腸桿菌科：2.6x10^3 CFU/g
(標準：10 CFU/g)"
散裝飲冰品及配料,20240613,冰品,香草霜淇淋,105,橫濱牛排南京微風店/臺北市松山區南京東路3段337號3樓,不符合規定,"腸桿菌科：5.4x10^2 CFU/g
(標準：10 CFU/g)"
散裝飲冰品及配料,20240613,飲料,馬祖奶茶(不含冰塊不含配料),116,馬祖奶茶(文山木新店)/臺北市文山區木新路3段33號,不符合規定,"腸桿菌科：1.7x10^4 CFU/mL
(標準：10 CFU/mL)"
散裝飲冰品及配料,20240613,冰品,巧克力香蕉冰沙,114,Journey Kaffe覺旅咖啡-陽光分公司/臺北市內湖區陽光街321巷42號,不符合規定,"腸桿菌科：3.2x10^2 CFU/g
(標準：10 CFU/g)"
蔬果,20240605,豆菜類,豌豆,100,果粉水果行(果粉水果超市汀州店)/臺北市中正區汀州路2段335號,不符合規定,"殺菌劑Bupirimate	布瑞莫0.02ppm(標準：0.01ppm以下)	
殺菌劑Prochloraz	撲克拉0.69ppm(標準：0.01ppm以下)	
殺蟲劑Pyriproxyfen	百利普芬0.6ppm(標準：0.2ppm以下)	
殺蟲劑Spinetoram	賜諾特0.08ppm(標準：0.05ppm以下)	
殺蟲劑Tolfenpyrad	脫芬瑞0.07ppm(標準：0.01ppm以下)	"
蔬果,20240605,豆菜類,豌豆,111,詠鑽蔬果專賣店(新天地蔬果量販店)/臺北市士林區美崙街18號1樓,不符合規定,"殺菌劑Diniconazole	達克利0.05ppm(標準：不得檢出)	
殺線蟲劑Fosthiazate	福賽絕0.01ppm(標準：不得檢出)	
殺蟲劑Thiamethoxam	賽速安0.06ppm(標準：0.02ppm以下)	"
蔬果,20240605,核果類,玉荷包(荔枝),100,果粉水果行(果粉水果超市汀州店)/臺北市中正區汀州路2段335號,不符合規定,"殺蟲劑Chlorpyrifos陶斯松1.14ppm(標準：不得檢出) 
殺蟲劑Fenvalerate	芬化利1.2ppm(標準：1.0ppm以下)	
殺蟲劑Permethrin	百滅寧0.97ppm(標準：0.01ppm以下)	"
蔬果,20240605,小葉菜類,韭菜花,108,臺北市萬華區萬大路533號第一果菜批發市場地號137,不符合規定,"殺蟲劑Acetamiprid	亞滅培0.29ppm(標準：0.01ppm以下)	
殺蟎劑Hexythiazox	合賽多0.17ppm(標準：0.01ppm以下)	
殺蟎劑Spirodiclofen	賜派芬0.13ppm(標準：0.01ppm以下)	"
蔬果,20240607,小葉菜類,韭菜花,106,太平洋崇光百貨股份有限公司(Fresh Mart忠孝店)/臺北市大安區忠孝東路4段45號B2,不符合規定,"殺蟲劑3-OH Carbofuran 3-羥基加保扶0.13ppm、Carbofuran加保扶0.18ppm(標準：0.2ppm以下)	
殺蟲劑Etofenprox	依芬寧0.05ppm(標準：不得檢出)	"
蔬果,20240605,小葉菜類,芹菜,108,臺北市萬華區萬大路533號第一果菜批發市場地號1314,不符合規定,"殺菌劑Iprobenfos	丙基喜樂松0.05ppm(標準：0.01ppm以下)	
殺菌劑Tricyclazole	三賽唑0.03ppm(標準：不得檢出)	"
蔬果,20240607,香辛植物及其他草木本植物,香菜(芫荽),106,双喜臨門水果行(双囍臨門水果行)/臺北市大安區和平東路3段228巷35號,不符合規定,"殺菌劑Dimethomorph	達滅芬0.28ppm(標準：0.01ppm以下)	
殺菌劑Flutolanil	福多寧0.64ppm(標準：0.01ppm以下)	"
蔬果,20240603,香辛植物及其他草木本植物,香菜(芫荽),104,國賓大飯店股份有限公司遼寧營業所(國賓大飯店股份有限公司中餐廳)/臺北市中山區遼寧街177號,不符合規定,"殺菌劑Isoprothiolane	亞賜圃0.05ppm(標準：0.01ppm以下)	
殺蟲劑Phenthoate	賽達松0.03ppm(標準：0.01ppm以下)	"
蔬果,20240607,蕈菜類,秀珍菇,110,信遠國際開發股份有限公司/臺北市信義區松仁路58號14樓,不符合規定,殺蟲劑Chlorpyrifos陶斯松0.03ppm(標準：不得檢出) 
蔬果,20240607,小葉菜類,蒜苗,106,双喜臨門水果行(双囍臨門水果行)/臺北市大安區和平東路3段228巷35號,不符合規定,"殺菌劑Pydiflumetofen	派滅芬0.01ppm(標準：不得檢出)	"
蔬果,20240603,豆菜類,豌豆,111,翡翠綠水果專賣店/臺北市士林區美崙街14號1樓,不符合規定,"殺蟲劑Thiamethoxam	賽速安0.17ppm(標準：0.02ppm以下)	"
蔬果,20240604,核果類,芒果,105,水果行/臺北市松山區南京東路5段291巷3之2號前,不符合規定,"殺菌劑Dimethomorph	達滅芬0.04ppm(標準：0.01ppm以下)	"
蔬果,20240604,核果類,台灣特選玉荷包(荔枝),114,幸福品味實業股份有限公司(美福食集)/臺北市內湖區民善街128號,不符合規定,"殺蟲劑Phosmet	益滅松0.6ppm(標準：0.2ppm以下)	"
蔬果,20240605,大漿果類,百香果,111,無市招水果攤/臺北市士林區社中街12號對面,不符合規定,"殺蟲劑Fenvalerate	芬化利0.03ppm(標準：0.01ppm以下)	"
蔬果,20240607,小葉菜類,芹菜,106,双喜臨門水果行(双囍臨門水果行)/臺北市大安區和平東路3段228巷35號,不符合規定,"殺菌劑Iprobenfos	丙基喜樂松0.03ppm(標準：0.01ppm以下)	"
蔬果,20240607,核果類,玉荷包荔枝,106,太平洋崇光百貨股份有限公司(Fresh Mart忠孝店)/臺北市大安區忠孝東路4段45號B2,不符合規定,"殺菌劑Difenoconazole	待克利1.4ppm(標準：0.5ppm以下)	"
網路販售食品,20240529,包裝,法國葛宏德天然海鹽-1kg,110,"pchome24h購物網
(https://24h.pchome.com.tw/)",不符合規定,"砷:0.35 mg/kg
(標準:0.2 mg/kg以下)"
網路販售食品,20240604,核果類,臺灣-貴妃玉荷包,110,"放心初蔬果網
(https://funthingtrue.com.tw/)",不符合規定,"百滅寧:0.09 ppm
(標準:0.01ppm以下)"
網路販售食品,20240604,大漿果類,越南-干腰榴槤(小貓山王),110,"放心初蔬果網
(https://funthingtrue.com.tw/)",不符合規定,"撲滅寧:0.02 ppm
(標準:0.01 ppm以下)"
網路販售食品,20240605,根莖菜類,百合根,110,"蝦皮購物-好食代 冷凍食品批發小舖
(https://shopee.tw/lin24190902)",不符合規定,"鎘:0.24 mg/kg
(標準:0.05 mg/kg以下)
扶吉胺:0.84 ppm
(標準:不得檢出)"
網路販售食品,20240606,根莖菜類,北海道白銀食用百合球根一球199元(非常好吃),110,"蝦皮購物-sutinglin
(https://shopee.tw/sutinglin)",不符合規定,"鎘:0.17 mg/kg
(標準:0.05 mg/kg以下)
扶吉胺:0.30 ppm
(標準:不得檢出)"
網路販售食品,20240607,根莖菜類,日本百合(北海道)XXL,110,"蝦皮購物-HomeBar泓吧嚴選新鮮蔬果
(https://shopee.tw/jacck2668)",不符合規定,"鎘:0.53 mg/kg
(標準:0.05 mg/kg以下)
扶吉胺:1.57 ppm
(標準:不得檢出)"
素摻葷,20240619,奶蛋素,小麥藥膳丸,112,阿玉素食(北投中繼市場133號攤)/臺北市北投區磺港路33號,不符合規定,"1.動物性成分陽性、動物性成分陽性(豬、雞)陽性。
2.植物性成分陽性、五辛(洋蔥)陽性。"
素摻葷,20240620,奶蛋素,塔香燒球,105,張阿姨蔬食/臺北市松山區八德路4段673巷6號,不符合規定,"1.動物性成分陽性、動物性成分陽性(豬、雞、魚)陽性。
2.植物性成分陽性、五辛(洋蔥)陽性。"
蔬果,20240702,核果類,黑葉荔枝,104,果鮮一品商行(果鮮蔬果超市)/臺北市中山區吉林路176號,不符合規定,"殺蟲劑Deltamethrin 第滅寧1.0ppm(標準：0.5ppm以下) 
殺菌劑Difenoconazole 待克利3.4ppm(標準：0.5ppm以下) "
蔬果,20240702,核果類,荔枝,104,臺北市中山區民族東路410巷2弄18-20號前(五常市場),不符合規定,"殺蟲劑Deltamethrin 第滅寧1.4ppm(標準：0.5ppm以下) 
殺菌劑Pyraclostrobin 百克敏0.6ppm(標準：0.5ppm以下) "
蔬果,20240704,核果類,粉殼K3(龍眼),108,我家蔬果園/臺北市萬華區中華路2段416巷56號,不符合規定,"殺菌劑Difenoconazole 待克利1.0ppm(標準：0.5ppm以下) 
殺蟎劑Spirodiclofen 賜派芬0.8ppm(標準：0.5ppm以下) "
蔬果,20240703,大漿果類,百香果,110,辣十九國際開發股份有限公司(馬辣頂級鴛鴦鍋信義店)/臺北市信義區松壽路22號3樓,不符合規定,殺蟲劑Cyromazine 賽滅淨0.12ppm(標準：不得檢出) 
蔬果,20240704,大漿果類,波蘿蜜,108,上奕商行(INDEX)/臺北市萬華區國興路32號,不符合規定,生長調節劑Gibberellic acid 勃激素A3 0.05ppm(標準：不得檢出)
蔬果,20240702,小葉菜類,九層塔(羅勒),104,粒粒鮮股份有限公司(粒粒鮮)/臺北市中山區吉林路146號146之1號,不符合規定,殺草劑Ametryn 草殺淨0.03ppm(標準：不得檢出)
蔬果,20240704,小葉菜類,九層塔(羅勒),111,豪光回田實業有限公司(回田蔬苑)/臺北市士林區中正路357號1樓,不符合規定,殺蟲劑Spinetoram 賜諾特0.02ppm(標準：不得檢出)
蔬果,20240704,香辛植物及其他草木本植物,香菜(芫荽),111,璞園餐飲事業有限公司(台南海鮮會館)/臺北市士林區基河路130號地下一層,不符合規定,殺菌劑Pencycuron 賓克隆0.04ppm(標準0.01ppm以下) 
蔬果,20240704,根莖菜類,白蘿蔔,108,臺北市萬華區環河南路2段245號蔬菜攤0068號,不符合規定,殺蟲劑Clothianidin 可尼丁0.07ppm(標準：0.02ppm以下) 
蔬果,20240702,小葉菜類,九層塔(羅勒),104,臺北市中山區民族東路410巷2弄20號前,不符合規定,殺草劑Oxadiazon 樂滅草0.02ppm(標準：0.01ppm以下) 
蔬果,20240702,核果類,荔枝,105,明欣鮮果專賣店/臺北市松山區南京東路5段123巷27號1樓,不符合規定,殺蟲劑Cyhalothrin 賽洛寧1.0ppm(標準：0.5ppm以下) 
蔬果,20240704,小葉菜類,九層塔(羅勒),108,臺北市萬華區環河南路2段245號蔬菜攤0032號,不符合規定,殺菌劑Dimethomorph 達滅芬4.1ppm(標準：2.5ppm以下) 
散裝飲冰品及配料,20240613,飲料,麥香紅茶(不含冰塊及配料),105,厚鋪牛排館(人从众厚切牛排)/臺北市松山區光復北路146號1樓,不符合規定,"腸桿菌科：5.4x10^3 CFU/mL
(標準：10 CFU/mL)"
散裝飲冰品及配料,20240619,冰品,北海道牛奶霜淇淋,104,總柴日式氷菓專賣(CEO ICE CREAM)/臺北市中山區中山北路2段26巷18號,不符合規定,"腸桿菌科：40 CFU/g
(標準：10 CFU/g)"
散裝飲冰品及配料,20240619,冰品,紅豆牛奶雪花冰(不含配料),103,冰讚飲食店/臺北市大同區雙連街2號1樓,不符合規定,"腸桿菌科：2.0x10^3 CFU/g
(標準：10 CFU/g)"
散裝飲冰品及配料,20240624,冰品,招牌甘蔗冰沙(不含配料),100,金霖企業社(甘蔗媽媽)/臺北市中正區信陽街5之1號,不符合規定,"腸桿菌科：2.1x10^3 CFU/mL
(標準：10 CFU/mL)"
散裝飲冰品及配料,20240619,冰品,圓圓圓(雪花冰)(不含冰塊不含配料),108,喜客冰品店(冰封仙果)/臺北市萬華區中華路1段114巷18號1樓,不符合規定,"腸桿菌科：30 CFU/g
(標準：10 CFU/g)"
散裝飲冰品及配料,20240624,冰品,杏仁雪花冰,103,森昱食品有限公司(夏樹甜品)/臺北市大同區迪化街1段240號,不符合規定,"腸桿菌科：3.2x10^2 CFU/g
(標準：10 CFU/g)"
散裝飲冰品及配料,20240626,冰品,清香黑糖冰(不含配料),111,廣安階/臺北市士林區中山北路6段77號8樓,不符合規定,"腸桿菌科：88 CFU/mL
(標準：10 CFU/mL)"
散裝飲冰品及配料,20240701,冰品,霜淇淋(不含配料),114,金探吉事業有限公司(荖子鍋)/臺北市內湖區民善街88號,不符合規定,"腸桿菌科：1.5x10^3 CFU/g
(標準：10 CFU/g)"
散裝飲冰品及配料,20240702,飲料,芭樂梅,100,水龍堂(大苑子)/臺北市中正區南昌路1段80號,不符合規定,"腸桿菌科：70 CFU/mL
(標準：10 CFU/mL)"
市售產品塑化劑含量,20240611,膠囊錠狀食品,速清魚油,110,吳興春天藥局/臺北市信義區吳興街137號1樓,不符合規定,"DINP:54 ppm
(指標值:9 ppm)"
市售產品塑化劑含量,20240611,膠囊錠狀食品,綠芙特級高單位蜂膠軟膠囊,105,啄木鳥藥師藥局八德店/臺北市松山區八德路4段211號,不符合規定,"DBP:6.0ppm
(指標值:0.6ppm)"
穀豆類,20240617,乾豆類,精選毛綠豆-紅線,112,鴻璂雜糧行/臺北市北投區中央南路1段163號1樓,不符合規定,"賽速安(Thiamethoxam):0.09 ppm
(標準:0.02 ppm)
磷化氫(Phosphine):0.02 ppm
(標準:0.01 ppm)"
穀豆類,20240619,乾豆類,大毛綠(毛綠豆),114,利民雜糧行/臺北市內湖區內湖路2段300號,不符合規定,"賽果培(Thiacloprid):0.04 ppm
(標準:0.02 ppm)"
穀豆類,20240621,乾豆類,綠豆,103,永利食品有限公司/臺北市大同區迪化街1段143號,不符合規定,"芬普尼(Fipronil):0.001 ppm、芬普尼代謝物(Fipronil-sulfone)0.001 ppm=0.002 ppm
(標準:0.001 ppm)
賽速安(Thiamethoxam):0.16 ppm
(標準:0.02 ppm)"
中秋食品、烤肉食品、烤肉用容器具,20240709,烤肉用蔬菜,四季豆,104,雙連市場來于蔬菜35號攤/臺北市中山區民生西路45巷,不符合規定,"Indoxacarb因得克 0.02ppm
(標準:0.01ppm以下)
"
中秋食品、烤肉食品、烤肉用容器具,20240712,中秋月餅,豪紀芋頭餡 ,112,米泉食品行(米哥烘焙坊)/臺北市北投區光明路158號1樓,不符合規定,己二烯酸 1.0g/kg (標準:不得檢出)
中秋食品、烤肉食品、烤肉用容器具,20240710,中秋月餅,豆沙半蛋酥,104,金橞食品股份有限公司/臺北市中山區松江路297巷5號1樓,不符合規定,"(一)內容物為二種以上混合物未依其含量多寡由高至低分別標示。
(二)未標示「淨重、容量或數量」及「原產地（國）」。
(三)內容物含有麩質之穀類、蛋、奶、大豆及其製品，未標示食品過敏原資訊等。"
中秋食品、烤肉食品、烤肉用容器具,20240710,中秋月餅,"
芋火鳳凰酥
",104,金橞食品股份有限公司/臺北市中山區松江路297巷5號1樓,不符合規定,"(一)內容物為二種以上混合物未依其含量多寡由高至低分別標示。
(二)未標示「淨重、容量或數量」及「原產地（國）」。
(三)內容物含有麩質之穀類、蛋、奶、大豆及其製品，未標示食品過敏原資訊等。"
中秋食品、烤肉食品、烤肉用容器具,20240710,中秋月餅,金Q芋頭酥(葷),104,金橞食品股份有限公司/臺北市中山區松江路297巷5號1樓,不符合規定,"(一)內容物為二種以上混合物未依其含量多寡由高至低分別標示。
(二)未標示「淨重、容量或數量」及「原產地（國）」。
(三)內容物含有麩質之穀類、蛋、奶、大豆及其製品，未標示食品過敏原資訊等。"
中秋食品、烤肉食品、烤肉用容器具,20240710,中秋月餅,夏豆堅果塔(蛋奶素),104,慧上癮/臺北市中山區建國北路2段226巷42號,不符合規定,未標示原產地（國）、有效日期標示單獨黏貼未依規定印刷於外包裝上。
中秋食品、烤肉食品、烤肉用容器具,20240710,中秋月餅, 慧上癮鳳梨酥,104,慧上癮/臺北市中山區建國北路2段226巷42號,不符合規定,未標示有效日期。
蔬果,20240807,小葉菜類,油菜,108,宜新蔬果行/臺北市萬華區富民路155巷49之3號1樓,不符合規定,"殺蟲劑Abamectin 阿巴汀0.06ppm(標準：0.05ppm以下) 
殺蟲劑Chlorfenapyr 克凡派1.4ppm(標準：1.0ppm以下) 
殺蟲劑Cyantraniliprole 賽安勃0.05ppm(標準：不得檢出) 
殺蟲劑Fipronil 芬普尼0.210ppm、Fipronil-sulfone芬普尼代謝物0.048ppm(標準：0.001ppm以下) 
殺蟲劑Pyriproxyfen 百利普芬1.54ppm(標準：0.01ppm以下) 
殺蟲劑Tolfenpyrad 脫芬瑞0.7ppm(標準：0.5ppm以下) "
蔬果,20240801,根莖菜類,白蘿蔔,103,霸王川菜餐廳股份有限公司/臺北市大同區長安西路287號1-2樓,不符合規定,"殺蟲劑Clothianidin 可尼丁0.08ppm(標準：0.02ppm以下) 
殺蟲劑Dichlorvos二氯松0.04ppm(標準：不得檢出)
殺蟲劑Trichlorfon 三氯松0.19ppm(標準：0.01ppm以下) "
蔬果,20240805,小葉菜類,芥蘭菜,115,為福樓餐廳有限公司/臺北市南港區忠孝東路5段996號1樓,不符合規定,"殺蟲劑Chlorfenapyr 克凡派2.4ppm(標準：1.0ppm以下) 
殺蟲劑Indoxacarb 因得克2.4ppm(標準：2.0ppm以下) 
殺菌劑Pyraclostrobin 百克敏2.7ppm(標準：2.0ppm以下) "
蔬果,20240802,果菜類,辣椒條,106,復興小吃店(全國食養創作全自助餐復興店)/臺北市大安區復興南路2段314號,不符合規定,"殺菌劑Difenoconazole 待克利1.2ppm(標準：0.5ppm以下) 
殺菌劑Zoxamide 座賽胺0.13ppm(標準：不得檢出)"
蔬果,20240802,小葉菜類,芹菜,106, 優市大安店/臺北市大安區敦化南路2段11巷38弄15號,不符合規定,"殺菌劑Dimethomorph 達滅芬2.9ppm(標準：2.5ppm以下) 
殺蟲劑Indoxacarb 因得克0.03ppm(標準：0.01ppm以下) "
蔬果,20240801,大漿果類,百香果,103,無名水果攤/臺北市大同區長安西路218之1號旁,不符合規定,殺蟲劑Cyromazine 賽滅淨0.14ppm(標準：不得檢出) 
蔬果,20240801,根莖菜類,日本北海道大根(白蘿蔔),104,統康生活事業股份有限公司美麗華分公司(Mia C'bon MARKET)/臺北市中山區敬業三路20號地下1樓之1,不符合規定,殺線蟲劑Fosthiazate 福賽絕0.02ppm(標準：不得檢出) 
蔬果,20240802,豆菜類,菜豆,106,秋香蔬菜商行/臺北市大安區臨江街29-1號,不符合規定,殺草劑Ametryn 草殺淨0.02ppm(標準：不得檢出) 
蔬果,20240807,大漿果類,網室栽培特選台農二號紅肉木瓜,108,日鮮蔬果專賣店/臺北市萬華區貴陽街2段137號,不符合規定,殺蟎劑Fenbutatin-oxide 芬佈賜0.02ppm(標準：不得檢出) 
蔬果,20240801,小葉菜類,芹菜,104,臺北市第二果菜批發市場蔬菜零批場21-08號攤/臺北市中山區民族東路336號,不符合規定,殺草劑Thiobencarb 殺丹0.08ppm(標準：0.01ppm以下) 
蔬果,20240805,果菜類,大紅辣(辣椒),115,為福樓餐廳有限公司/臺北市南港區忠孝東路5段996號1樓,不符合規定,殺蟲劑Flonicamid 氟尼胺0.02ppm(標準：0.01ppm以下) 
蔬果,20240802,根莖菜類,白蘿蔔,106, 優市大安店/臺北市大安區敦化南路2段11巷38弄15號,不符合規定,殺蟲劑Thiamethoxam 賽速安0.46ppm(標準：0.25ppm以下) 
蔬果,20240801,根莖菜類,白蘿蔔,112,順豐蔬果行/臺北市北投區清江路22號,不符合規定,殺蟲劑Thiamethoxam 賽速安0.38ppm(標準：0.25ppm以下) 
可供食品使用中藥材,20240820,菊花,生機菊花（有效日期：20260620）,105,心元蔘藥行/臺北市松山區南京東路5段291巷20弄6號,不符合規定,"1.殺蟲劑Cypermethrin賽滅寧0.14ppm（標準：0.03ppm以下）、殺草劑Pendimethalin施得圃0.07ppm（ 標準： 0.05ppm 以下）、殺菌劑Pydiflumetofen派滅芬0.10ppm（標準：不得檢出）
2.產品外包裝標示「檢驗合格」字樣及附有農藥殘留檢驗合格之檢驗報告，標示不實且易生誤解"
可供食品使用中藥材,20240820,菊花,台灣菊花（有效日期：1160722）,103,利隆貿易有限公司(利隆行)/臺北市大同區迪化街1段46巷18弄6號,不符合規定,"1.殺蟲劑Chlorfenapyr	克凡派11.0ppm(標準：2.0ppm以下)、Methomyl	納乃得1.5ppm(標準：1.0ppm以下)	
2.產品內附有未檢出農藥殘留之檢驗報告與外包裝標示「安心使用」字樣，標示不實且易生誤解"
可供食品使用中藥材,20240820,白木耳,乾白木耳（干白木耳）（有效日期：20261115）,103,迪隆蔘藥行/臺北市大同區歸綏街220號1樓,不符合規定,"生長調節劑Chlormequat	克美素0.08ppm(標準：不得檢出)	"
可供食品使用中藥材,20240820,菊花,台灣菊花（有效日期：20261123）,112,慶峰參藥行/臺北市北投區懷德街6-6號,不符合規定,"1.殺蟲劑Acetamiprid亞滅培3.9ppm（標準：2.0ppm以下）
2.產品外包裝標示「天然生機」字樣及產品內附有未檢出農藥殘留之檢驗報告，標示不實且易生誤解"
蔬果,20240903,香辛植物及其他草木本植物,香菜(芫荽),108,全興蔬菜行/臺北市萬華區環河南路2段245號環南市場33號攤,不符合規定,"殺菌劑Dimethomorph 達滅芬0.03ppm(標準：0.01ppm以下) 
殺菌劑Diniconazole 達克利0.05ppm(標準：不得檢出)
殺菌劑Fluopicolide 氟比來0.05ppm(標準：0.01ppm以下) 
殺菌劑Flusilazole 護矽得0.05ppm(標準：不得檢出) 
殺菌劑Prochloraz 撲克拉0.27ppm(標準：0.01ppm以下) 
殺草劑Prometryn 佈滅淨0.04ppm(標準：不得檢出) 
殺菌劑Propiconazole 普克利4.54ppm(標準：0.01ppm以下) 
殺菌劑Pydiflumetofen 派滅芬0.12ppm(標準：不得檢出) 
殺蟲劑Thiamethoxam 賽速安0.36ppm(標準：0.01ppm以下) "
蔬果,20240904,香辛植物及其他草木本植物,芫荽(香菜),106,遠東都會股份有限公司復興店（city super復興店）/臺北市大安區忠孝東路3段300號B3樓,不符合規定,"殺菌劑Dimethomorph 達滅芬0.07ppm(標準：0.01ppm以下) 
殺菌劑Diniconazole 達克利0.02ppm(標準：不得檢出) 
殺菌劑Fluopicolide 氟比來0.02ppm(標準：0.01ppm以下) 
殺菌劑Flusilazole 護矽得0.09ppm(標準：不得檢出)
殺菌劑Prochloraz 撲克拉0.10ppm(標準：0.01ppm以下) 
殺菌劑Procymidone 撲滅寧0.02ppm(標準：0.01ppm以下) 
殺菌劑Propiconazole 普克利1.98ppm(標準：0.01ppm以下) 
殺菌劑Pydiflumetofen 派滅芬0.03ppm(標準：不得檢出) 
殺蟲劑Thiamethoxam 賽速安0.11ppm(標準：0.01ppm以下) "
蔬果,20240903,小葉菜類,青江菜,111,無市招菜攤(李O立)/臺北市士林區文林路101巷26號前攤販,不符合規定,"殺蟲劑Chlorfenapyr 克凡派1.1ppm(標準：1.0ppm以下) 
殺蟲劑Cyantraniliprole 賽安勃0.13ppm(標準：不得檢出) 
殺蟲劑Fipronil 芬普尼0.237ppm、Fipronil-sulfone芬普尼代謝物0.070ppm(標準：0.001ppm以下) 
殺蟲劑Pyriproxyfen 百利普芬0.59ppm(標準：0.01ppm以下) "
蔬果,20240906,小葉菜類,芹菜,104,第二果菜批發市場第23-13號攤(張O淳)/臺北市中山區民族東路336號,不符合規定,"除草劑Metolachlor 莫多草0.04ppm(標準：0.01ppm以下) 
殺草劑Pendimethalin 施得圃0.2ppm(標準：0.1ppm以下) 
殺菌劑Pyraclostrobin 百克敏2.5ppm(標準：2.0ppm以下) 
殺蟲劑Terbufos 托福松0.07ppm(標準：0.05ppm以下)  "
蔬果,20240902,香辛植物及其他草木本植物,香菜(芫荽),112,易長泓有限公司石牌營業所（旺佳佳越法新麵包石牌店）/臺北市北投區石牌路2段72號,不符合規定,"殺蟲劑3-OH Carbofuran3羥基加保扶0.01ppm、Carbofuran 加保扶0.01ppm(標準：不得檢出) 
殺蟲劑Chlorpyrifos 陶斯松0.01ppm(標準：不得檢出) 
殺菌劑Pencycuron 賓克隆0.02ppm(標準：0.01ppm以下) "
蔬果,20240904,香辛植物及其他草木本植物,香菜(芫荽),104,第二果菜批發市場第17-11號攤(莊O逸)/臺北市中山區民族東路336號,不符合規定,"殺草劑Ametryn 草殺淨0.04ppm(標準：不得檢出) 
殺菌劑Hexaconazole 菲克利0.02ppm(標準：0.01ppm以下) "
蔬果,20240903,小葉菜類,青蔥,108,22號蔬果園/臺北市萬華區西藏路125巷22號1樓,不符合規定,"殺蟲劑Fipronil-sulfone芬普尼代謝物0.007ppm(標準：0.001ppm以下) 
殺菌劑Fluxapyroxad 氟克殺0.7ppm(標準：0.6ppm以下) "
蔬果,20240903,小葉菜類,青江菜,105,兄弟大飯店股份有限公司(兄弟大飯店)/臺北市松山區南京東路3段255號,不符合規定,殺蟲劑Cyantraniliprole 賽安勃0.34ppm(標準：不得檢出) 
蔬果,20240902,小葉菜類,青蔥,112,蘇杭企業股份有限公司天母分公司(蘇杭365)/臺北市北投區明德路365號,不符合規定,殺菌劑Thifluzamide 賽氟滅0.16ppm(標準：不得檢出) 
蔬果,20240906,小葉菜類,青蔥,104,第二果菜批發市場第19-13號攤(胡O傑)/臺北市中山區民族東路336號,不符合規定,殺蟎劑Ethion 愛殺松0.04ppm(標準：不得檢出) 
蔬果,20240904,小葉菜類,進口西洋芹,110,遠百企業股份有限公司忠孝分公司(愛買忠孝店)/臺北市信義區忠孝東路5段297號地下3樓,不符合規定,殺蟲劑Cyantraniliprole 賽安勃0.02ppm(標準：不得檢出) 
蔬果,20240903,小葉菜類,九層塔(羅勒),111,士林素食館(士林健康素食)/臺北市士林區中正路281號,不符合規定,殺菌劑Pyraclostrobin 百克敏0.48ppm(標準：0.01ppm以下) 
蔬果,20240903,小葉菜類,油菜,115,阿一蔬果有限公司(阿一蔬果)/臺北市南港區忠孝東路6段85號1樓,不符合規定,殺草劑Oxadiazon 樂滅草0.03ppm(標準：0.01ppm以下) 
蔬果,20240902,根莖菜類,進口蘿蔔600公克,112,全聯實業股份有限公司北投吉利分公司/臺北市北投區吉利街125號1樓,不符合規定,殺蟲劑Lufenuron 祿芬隆0.02ppm(標準：0.01ppm以下) 
蔬果,20240903,果菜類,朝天椒(辣椒),108,第一果菜批發市場/臺北市萬華區萬大路533號地號919,不符合規定,殺蟲劑Flonicamid 氟尼胺0.02ppm(標準：0.01ppm以下) 
蔬果,20240904,瓜菜類,大黃瓜(胡瓜),106,遠東都會股份有限公司復興店（city super復興店）/臺北市大安區忠孝東路3段300號B3樓,不符合規定,殺蟲劑Trichlorfon 三氯松0.02ppm(標準：0.01ppm以下) 
蔬果,20240902,豆菜類,台灣敏豆,114,大潤發流通事業股份有限公司南湖分公司(大潤發)/臺北市內湖區舊宗路1段188號,不符合規定,殺菌劑Pyraclostrobin百克敏0.8ppm(標準：0.5ppm以下) 
蔬果,20240903,根莖菜類,中國白蘿蔔600G,105,惠康百貨股份有限公司松山光復公司(家樂福超市)/臺北市松山區光復北路198號,不符合規定,殺蟲劑Thiamethoxam賽速安0.27ppm(標準：0.25ppm以下) 
醃製及脫水蔬果(含蜜餞),20240903,八仙果,珍茶柚,110,惠香食品有限公司/新北市板橋區民有街5號,不符合規定,檢出甜味劑「甜菊糖」及「蔗糖素」，惟未於成分內容物標示。
醃製及脫水蔬果(含蜜餞),20240904,八仙果,八仙果佛手金磚塊,110,金德恩國際貿易有限公司/新北市蘆洲區中山一路282號2樓,不符合規定,檢出著色劑「食用色素紅色六號」、「食用色素黃色五號」及「食用色素藍色一號」及甜味劑「甘草素」，惟未於成分內容物標示。
醃製及脫水蔬果(含蜜餞),20240904,八仙果,自然優烏梅八仙果,110,宏宇農產生技企業有限公司/臺南市官田區建業路3號,不符合規定,檢出甜味劑「甘草素」惟未於成分內容物標示。
醃製及脫水蔬果(含蜜餞),20240904,蜜餞食品,化應子,110,維元食品有限公司/新北市板橋區和平路10之1號3樓,不符合規定,檢出甜味劑「蔗糖素」惟未於成分內容物標示。
醃製及脫水蔬果(含蜜餞),20240905,蜜餞食品,洛神花,110,陳Ο君/桃園市中壢區青峰路2段,不符合規定,"1.檢驗結果檢出防腐劑「己二烯酸」、著色劑「食用色素紅色六號」、甜味劑「紐甜」及「甜菊糖」，惟未於成分內容物標示。
2.產品外包裝未標示「製造廠商或國內負責廠商名稱、電話號碼及地址」及「淨重、容量或數量」，且營養標示未標示「每一份量（或每一份、每份）」。"
醃製及脫水蔬果(含蜜餞),20240905,蜜餞食品,化核五香橄欖,110,陳Ο君/桃園市中壢區青峰路2段,不符合規定,產品外包裝未標示「製造廠商或國內負責廠商名稱、電話號碼及地址」及「淨重、容量或數量」，且營養標示未標示「每一份量（或每一份、每份）」。
醃製及脫水蔬果(含蜜餞),20240905,蜜餞食品,甘草杏李,110,陳Ο君/桃園市中壢區青峰路2段,不符合規定,產品外包裝未標示「製造廠商或國內負責廠商名稱、電話號碼及地址」及「淨重、容量或數量」，且營養標示未標示「每一份量（或每一份、每份）」。
醃製及脫水蔬果(含蜜餞),20240905,醃漬蔬菜,酸菜絲,110,澤鋐實業有限公司/嘉義縣梅山鄉梅北村三美庄17號附6,不符合規定,檢出防腐劑「苯甲酸」惟未於成分內容物標示。
醃製及脫水蔬果(含蜜餞),20240906,蜜餞食品,情人果,110,新百果山蜜餞專賣店/彰化縣員林市出水巷15-30號,不符合規定,檢出甜味劑「醋磺內酯鉀」及「蔗糖素」，惟未於成分內容物標示。
醃製及脫水蔬果(含蜜餞),20240906,蜜餞食品,油切菓,110,新百果山蜜餞專賣店/彰化縣員林市出水巷15-30號,不符合規定,檢出甜味劑「紐甜」及「蔗糖素」，惟未於成分內容物標示。
醃製及脫水蔬果(含蜜餞),20240911,蜜餞食品,脫水李,110,甜園小舖/臺中市南屯區文昌街222號,不符合規定,檢出甜味劑「醋磺內酯鉀」及「蔗糖素」，惟未於成分內容物標示。
醃製及脫水蔬果(含蜜餞),20240911,八仙果,八仙果(赤小柚),110,甜園小舖/臺中市南屯區文昌街222號,不符合規定,檢出甜味劑「醋磺內酯鉀」惟未於成分內容物標示。
醃製及脫水蔬果(含蜜餞),20240911,其他糖漬鹽漬果類,青芒果(情人果),110,甜園小舖/臺中市南屯區文昌街222號,不符合規定,檢出甜味劑「蔗糖素」惟未於成分內容物標示。
油品抽驗計畫,20241018,鮮奶油,動物性鮮奶油,103,燈燦食品有限公司/臺北市大同區民樂街125號1樓,不符合規定,營養標示反式脂肪含量為「每份：0公克/每100公克：0公克」，惟檢出每100公克反式脂肪酸含量0.41公克，依據「包裝食品營養標示應遵行事項」，每100公克固體（半固體）反式脂肪酸含量不超過0.3公克得標示為0，案內產品應依實際數值標示。
油品抽驗計畫,20241017,沙拉醬,永新烘焙沙拉醬,106,喜之坊食品有限公司(光復店)/臺北市大安區光復南路422號,不符合規定,營養標示反式脂肪含量為「每份：0公克/每100公克：0公克」，惟檢出每100公克反式脂肪酸含量0.40公克，依據「包裝食品營養標示應遵行事項」，每100公克固體（半固體）反式脂肪酸含量不超過0.3公克得標示為0，案內產品應依實際數值標示。
蔬果,20241001,香辛植物及其他草木本植物,香菜(芫荽),114,萬日蔬果行/臺北市內湖區五分街臨16之10號,不符合規定,"殺草劑Ametryn 草殺淨0.01ppm(標準：不得檢出)
殺蟲劑 Chlorpyrifos 陶斯松0.02ppm(標準：不得檢出) 
殺蟲劑Fenitrothion 撲滅松0.02ppm(標準：0.01ppm以下) 
殺草劑Pendimethalin 施得圃0.2ppm(標準：0.1ppm以下) "
蔬果,20241004,香辛植物及其他草木本植物,香菜(芫荽),108,黃O玉/臺北市萬華區萬大路533號地號928,不符合規定,"殺蟲劑Chlorpyrifos 陶斯松0.01ppm(標準：不得檢出)
殺蟲劑Fenitrothion 撲滅松0.03ppm(標準：0.01ppm以下) 
殺草劑Oxadiazon 樂滅草0.02ppm(標準：0.01ppm以下) 
殺草劑Pendimethalin 施得圃0.2ppm(標準：0.1ppm以下) "
蔬果,20241004,小葉菜類,青蔥,111,御鼎屋食品股份有限公司/臺北市士林區中山北路6段711號,不符合規定,"殺蟲劑Chlorfenapyr 克凡派4.6ppm(標準：1.0ppm以下) 
生長調節劑Paclobutrazol 巴克素0.09ppm(標準：0.01ppm以下) 
殺蟲劑Pyriproxyfen 百利普芬0.05ppm(標準：0.01ppm以下) "
蔬果,20241001,大漿果類,特選百香果,115,菓之鄉水果專賣店/臺北市南港區同德路60號,不符合規定,"殺蟲劑Cyromazine 賽滅淨0.48ppm(標準：不得檢出) 
殺蟎劑Pyridaben 畢達本0.04ppm(標準：不得檢出) "
蔬果,20241004,香辛植物及其他草木本植物,香菜(芫荽),106,王O鴻/臺北市大安區臨江街70號前,不符合規定,"殺草劑Linuron 理有龍0.02ppm(標準：不得檢出)
殺菌劑Thifluzamide 賽氟滅0.03ppm(標準：不得檢出) "
蔬果,20241004,小葉菜類,紅鳳菜,108,輝哥蔬菜批發行/臺北市萬華區環河南路2段245號環南市場蔬菜區第184號,不符合規定,"殺草劑Ametryn 草殺淨0.12ppm(標準：不得檢出) 
殺蟲劑Indoxacarb 因得克0.06ppm(標準：0.01ppm以下) "
蔬果,20241004,小葉菜類,紅鳳菜,108,茂盛蔬菜商行/臺北市萬華區環河南路2段245號環南市場第198號攤,不符合規定,"殺草劑Ametryn 草殺淨0.02ppm(標準：不得檢出) 
殺蟲劑Indoxacarb 因得克0.05ppm( 標準：0.01ppm以下) "
蔬果,20241004,果菜類,茄子,106,台灣產健股份有限公司台北2店(良食生活)/臺北市大安區敦化南路1段233巷68號,不符合規定,"殺蟲劑Imidacloprid 益達胺0.9ppm(標準：0.5ppm以下) 
殺菌劑Thifluzamide 賽氟滅0.02ppm(標準：不得檢出) "
蔬果,20241004,根莖菜類,白蘿蔔(包),111,御鼎屋食品股份有限公司/臺北市士林區中山北路6段711號,不符合規定,"殺蟲劑Clothianidin 可尼丁0.20ppm(標準：0.02ppm以下) 
殺蟲劑Lufenuron 祿芬隆0.02ppm(標準：0.01ppm以下) "
蔬果,20241004,香辛植物及其他草木本植物,芫荽(香菜),112,果菜俗賣/臺北市北投區自強街119號,不符合規定,"殺菌劑Dimethomorph 達滅芬0.02ppm(標準：0.01ppm以下) 
殺菌劑Procymidone 撲滅寧0.09ppm(標準：0.01ppm以下) "
蔬果,20241001,果菜類,辣椒條,104,唐龍國際餐飲股份有限公司(龍軒傳承)/臺北市中山區長春路90號2樓,不符合規定,"殺菌劑Difenoconazole 待克利2.7ppm(標準：0.5ppm以下) 
殺蟎劑Pyridaben 畢達本0.8ppm(標準：0.5ppm以下) "
蔬果,20241001,香辛植物及其他草木本植物,香菜(芫荽),104,吉晟蔬果行/臺北市中山區錦州街222號松江市場69,不符合規定,"殺蟲劑Fenitrothion 撲滅松0.03ppm(標準：0.01ppm以下) 
殺菌劑Procymidone 撲滅寧0.02ppm(標準：0.01ppm以下) "
蔬果,20241001,大漿果類,網室木瓜台農2號,115,菓之鄉水果專賣店/臺北市南港區同德路60號,不符合規定,殺蟲劑Pyriproxyfen 百利普芬0.04ppm(標準：0.01ppm以下) 
蔬果,20241001,小葉菜類,青蔥,104,全聯實業股份有限公司中山吉林分公司/臺北市中山區吉林路213、215、217、219號1樓,不符合規定,殺蟲劑Fipronil-sulfone芬普尼代謝物0.003ppm(標準：0.001ppm以下) 
蔬果,20241004,小葉菜類,青江白菜,111,御鼎屋食品股份有限公司/臺北市士林區中山北路6段711號,不符合規定,殺蟲劑Tolfenpyrad 脫芬瑞1.2ppm(標準：0.5ppm以下) 
蔬果,20241001,大漿果類,木瓜(台農2號),114,東和蔬果行/臺北市內湖區五分街16號1樓,不符合規定,殺菌劑Famoxadone 凡殺同0.02ppm(標準：0.01ppm以下) 
蔬果,20241001,小葉菜類,青江菜,104,統康生活事業股份有限公司台北農安二店分公司（家樂福超市）/臺北市中山區農安街26號、26-1號,不符合規定,殺草劑Oxadiazon 樂滅草0.02ppm(標準：0.01ppm以下) 
蔬果,20241001,香辛植物及其他草木本植物,香菜(芫荽),104,臺北市第二果菜批發市場20-14攤/臺北市中山區民族東路336號1樓,不符合規定,殺蟲劑Fenitrothion 撲滅松0.02ppm(標準：0.01ppｍ以下) 
蔬果,20241004,根莖菜類,白蘿蔔,108,茂盛蔬菜商行/臺北市萬華區環河南路2段245號環南市場第198號攤,不符合規定,殺蟲劑Fipronil-sulfone芬普尼代謝物0.002ppm(標準：0.001ppm以下) 
火鍋料,20241014,鮮果蔬菜類及其加工品,蔥,110,昕殿有限公司（辛殿麻辣鍋信義店）/臺北市信義區松壽路28號1樓,不符合規定,1.殺蟲劑滅芬諾(Methoxyfenozide)：0.29ppm(標準：0.01ppm) 2.殺菌劑賽氟滅(Thifluzamide)：0.55ppm(標準：不得檢出)
火鍋料,20241014,鮮果蔬菜類及其加工品,青江菜,110,旨王開發有限公司（王鍋屋新京都風味鍋物）/臺北市信義區松壽路12號5樓,不符合規定,"1.殺蟲劑克凡派(Chlorfenapyr)：1.8ppm(標準：1.0ppm)
2.殺蟲劑賽安勃(Cyantraniliprole)：0.43ppm(標準：不得檢出) 3.殺蟲劑芬普尼（Fipronil）：0.077ppm、芬普尼代謝物（ Fipronil-sulfone）：0.027ppm，共計檢出0.104 ppm（標準： 0.001ppm 以下）"
火鍋料,20241015,鮮果蔬菜類及其加工品,青江菜,115,三澧企業股份有限公司（Mo- Mo-Paradise南港潤泰牧場）/臺北市南港區忠孝東路7段369號C棟10樓,不符合規定,"1.殺蟲劑克凡派(Chlorfenapyr)：1.1ppm(標準：1.0ppm)
2.殺蟲劑賽安勃(Cyantraniliprole)：0.77ppm(標準：不得檢出) 3.殺蟲劑芬普尼（Fipronil）：0.144ppm、芬普尼代謝物（ Fipronil-sulfone）：0.047ppm，共計0.191 ppm（標準：0.001ppm以下）"
火鍋料,20241017,鮮果蔬菜類及其加工品,青江菜,108,格萊思美國際餐飲股份有限公司(心心麻辣鍋)/臺北市萬華區成都路141號,不符合規定,"1.殺蟲劑芬普尼(Fipronil)：0.372ppm、芬普尼代謝物(Fipronil- sulfone)：0.039ppm，共計0.411 ppm（標準：0.001ppm以下）
2.殺蟲劑托福松(Terbufos)：1.42ppm (標準：0.05ppm)"
火鍋料,20241017,鮮果蔬菜類及其加工品,白蘿蔔,108,辣之王麻辣火鍋店(夯麻辣火鍋燒肉)/臺北市萬華區昆明街76號2樓,不符合規定,1.殺蟲劑賽洛寧(λ-Cyhalothrin)：0.02ppm (標準：0.01ppm)
火鍋料,20241018,鮮果蔬菜類及其加工品,青蔥,112,明煬四方有限公司（丰明殿）/臺北市北投區東華街1段362號1樓,不符合規定,1.殺菌劑賽氟滅(Thifluzamide)：0.14ppm(標準：不得檢出)
火鍋料,20241018,花生粉,花生粉,112,寒順企業社（寒聚精緻鍋物）/臺北市北投區石牌路2段97巷8號1樓,不符合規定,"1.黃麴毒素B1：19.0 μg/kg（標準：2 μg/kg以下）
2.總黃麴毒素B1+B2+G1+G2：21.7μg/kg（標準：4 μg/kg以下）"
火鍋料,20241018,鮮果蔬菜類及其加工品,青蔥,112,百世佳興業有限公司石牌分公司（火鍋世家）/臺北市北投區石牌路2段335號,不符合規定,1.殺菌劑四克利(Tetraconazole)：0.09ppm(標準：0.01ppm)
火鍋料,20241018,鮮果蔬菜類及其加工品,三星青蔥 SE1,111,富樂台式有限公司(富樂台式涮涮鍋)/臺北市士林區承德路4段 75-1號,不符合規定,1.殺蟲劑克凡派(Chlorfenapyr)：2.2ppm(標準：1.0ppm)
火鍋料,20241018,豆腐,豆腐,111,富樂台式有限公司(富樂台式涮涮鍋)/臺北市士林區承德路4段 75-1號,不符合規定,1.苯甲酸：0.5 g/kg(標準：不得檢出)
蔬果,20241101,小葉菜類,芥藍,110,同學の店/臺北市信義區仁愛路4段496巷19號,不符合規定,"殺蟲劑Emamectin benzoate 因滅汀總量0.13ppm(標準：0.05ppm以下) 
殺蟲劑Fenvalerate 芬化利5.1ppm(標準：2.0ppm以下) 
殺蟲劑Methomyl 納乃得5.1ppm(標準：3.0ppm以下) 
殺蟲劑Profenophos 佈飛松1.3ppm(標準：1.0ppm以下) 
殺菌劑Pyraclostrobin 百克敏3.2ppm(標準：2.0ppm以下) 
殺蟲劑Pyriproxyfen 百利普芬0.98ppm(標準：0.01ppm以下) 
殺蟲劑Thiodicarb 硫敵克4.4ppm(標準：1.0ppm以下) "
蔬果,20241101,小葉菜類,油菜,110,丰明殿涮涮鍋殿堂信義店(丰明殿)/臺北市信義區信義路4段393號,不符合規定,"殺蟲劑Acetamiprid 亞滅培9.1ppm(標準：2.0ppm以下) 
殺菌劑Carbendazim 貝芬替1.3ppm(標準：1.0ppm以下) 
殺蟲劑Chlorfenapyr 克凡派3.8ppm(標準：1.0ppm以下) 
殺蟲劑Cyantraniliprole 賽安勃0.34ppm(標準：不得檢出) 
殺蟲劑Fipronil 芬普尼0.002ppm及芬普尼代謝物Fipronil-sulfone0.002ppm，合計共0.004ppm(標準0.001ppm以下) 
殺菌劑Propamocarb hydrochloride 普拔克10.9ppm(標準：10.0ppm以下) "
蔬果,20241106,香辛植物及其他草木本植物,香菜(芫荽),100,阿萬青菜號/臺北市中正區羅斯福路1段8號南門市場B1-17、63、64號攤,不符合規定,"殺蟲劑Fenitrothion 撲滅松0.02ppm(標準：0.01ppm以下) 
殺蟲劑Imidacloprid 益達胺0.03ppm(標準：0.01ppm以下) 
殺菌劑Iprodione 依普同0.03ppm(標準：0.01ppm以下) 
殺菌劑Mandipropamid 曼普胺0.01ppm(標準：不得檢出)  "
蔬果,20241105,小葉菜類,油菜,114,三軍總醫院營養部/臺北市內湖區成功路2段325號B1,不符合規定,"殺蟲劑Chlorfenapyr 克凡派2.2ppm(標準：1.0ppm以下) 
殺蟲劑Fipronil 芬普尼0.435ppm及芬普尼代謝物Fipronil-sulfone0.083ppm，合計共0.518ppm(標準：0.001ppm以下) 
殺蟲劑Indoxacarb 因得克3.7ppm(標準：2.0ppm以下) 
殺蟲劑Pyriproxyfen 百利普芬1.53ppm(標準：0.01ppm以下) "
蔬果,20241105,小葉菜類,青江菜,111,統康生活事業股份有限公司天母分公司（Mia C'bon）/臺北市士林區天母西路3號2樓,不符合規定,"殺蟲劑Chlorfenapyr 克凡派2.0ppm(標準：1.0ppm以下) 
殺蟲劑Indoxacarb 因得克2.4ppm(標準：2.0ppm以下) "
蔬果,20241107,小葉菜類,菠菜,108,灃群物流有限公司/臺北市萬華區環河南路3段117、119號,不符合規定,"殺菌劑Flutolanil福多寧2.9ppm（標準：2.0ppm以下）
殺蟲劑Methomyl納乃得5.8ppm（標準：3.0ppm以下）"
蔬果,20241105,香辛植物及其他草木本植物,香菜(芫荽),104,蔬菜攤(程O明)/臺北市中山區錦西街26號,不符合規定,殺草劑Linuron 理有龍0.03ppm(標準：不得檢出) 
蔬果,20241101,小葉菜類,蔥,104,人杰老四川餐飲管理顧問股份有限公司台北南京東分公司（老四川巴蜀麻辣燙）/臺北市中山區南京東路2段45號1-2樓、47號1-3樓,不符合規定,殺菌劑Thifluzamide賽氟滅0.02ppm（標準：不得檢出）
蔬果,20241105,香辛植物及其他草木本植物,特選香菜(芫荽),111,全聯實業股份有限公司天母天玉分公司(全聯福利中心)/臺北市士林區天母西路3號地下,不符合規定,殺草劑Linuron理有龍0.02ppm（標準：不得檢出）
蔬果,20241105,香辛植物及其他草木本植物,芫荽(香菜),105,尚揚蔬果行/臺北市松山區南京東路5段291巷30號1樓,不符合規定,殺蟲劑Diazinon 大利松0.01ppm(標準：不得檢出) 
蔬果,20241101,小葉菜類,蔥,104,第二果菜批發市場18-08號攤/臺北市中山區民族東路336號,不符合規定,殺蟎劑Spirodiclofen 賜派芬0.07ppm(標準：0.01ppm以下) 
蔬果,20241106,根莖菜類,白蘿蔔,108,景O文/臺北市萬華區環河南路2段245號115號攤,不符合規定,殺蟲劑Fipronil芬普尼0.001ppm、Fipronil-sulfone芬普尼代謝物0.003ppm，合計共0.004ppm（標準：0.001ppm以下）
蔬果,20241106,小葉菜類,菠菜,108,景O文/臺北市萬華區環河南路2段245號115號攤,不符合規定,殺草劑Oxadiazon 樂滅草0.04ppm(標準：0.01ppm以下) 
蔬果,20241101,果菜類,彩色甜椒,104,第二果菜批發市場19-09號攤/臺北市中山區民族東路336號1樓,不符合規定,殺蟲劑Profenophos 佈飛松1.8ppm(標準：1.0ppm以下) 
蔬果,20241101,小葉菜類,菠菜,110,同學の店/臺北市信義區仁愛路4段496巷19號,不符合規定,殺蟲劑Imidacloprid益達胺1.7pm（標準：1.0ppm以下）
蔬果,20241106,小葉菜類,茼蒿,100,三商家購股份有限公司中正汀州分公司（美廉社中正汀州店）/臺北市中正區汀州路1段220號,不符合規定,殺菌劑Flutolanil 福多寧2.7ppm(標準：2.0ppm以下) 
蔬果,20241101,小葉菜類,青江菜,110,築間餐飲事業股份有限公司信義世貿營業所(築間幸福鍋物)/臺北市信義區基隆路1段426號1樓,不符合規定,殺蟲劑Chlorfenapyr 克凡派1.3ppm(標準：1.0ppm以下) 
年節食品,20241112,根莖菜類,白蘿蔔(SA9),108,捷達農產企業社/臺北市萬華區萬大路424巷151號環南市場甲棟1樓第121號攤,不符合規定,"殺蟲劑Clothianidin可尼丁0.15 ppm（標準：0.02 ppm以下）
殺蟲劑Thiamethoxam賽速安0.91 ppm（標準：0.25 ppm
以下）
殺蟲劑Trichlorfon三氯松0.08 ppm（標準：0.01 ppm以下）
殺蟲劑Cyhalothrin賽洛寧0.08 ppm（標準：0.01 ppm以下）"
年節食品,20241115,根莖菜類,白蘿蔔,114,純香食品行/臺北市內湖區南京東路6段330巷18弄15號2樓,不符合規定,"殺蟲劑Chlorfenapyr克凡派0.08 ppm（標準：0.05 ppm以下）
殺蟲劑Chlorpyrifos陶斯松0.01 ppm（標準：不得檢出）殺蟲劑Fipronil-sulfone芬普尼代謝物0.004 ppm（標準： 0.001ppm以下）"
年節食品,20241112,包葉菜類,包心芥菜,110,吉米蔬果行/臺北市信義區中坡南路257號及261號,不符合規定,"殺蟲劑Acetamiprid亞滅培2.5 ppm（標準：2.0 ppm以下）
殺菌劑Dimethomorph達滅芬3.7 ppm（標準：2.5ppm以下）
殺菌劑Tebuconazole得克利1.47 ppm（標準：0.05ppm以下）"
年節食品,20241112,包葉菜類,大刈菜,108,第一果菜批發市場/臺北市萬華區萬大路533號地號1209,不符合規定,"殺菌劑Propamocarb hydrochloride普拔克6.6ppm（標準： 5.0ppm以下）
殺菌劑Tebuconazole得克利0.23ppm（標準：0.05 ppm以下）"
年節食品,20241112,小葉菜類,刈菜,104,謝O壹/臺北市中山區民族東路410巷2弄O號前,不符合規定,"殺菌劑Propam ocarb hydrochloride普拔克11.6ppm（標準：5.0ppm以下）
殺菌劑Tebuconazole得克利0.16ppm（標準：0.05ppm以下）"
年節食品,20241112,根莖菜類,農產白蘿蔔,106,台北市農會蔬果舖子/臺北市大安區復興南路1段340巷旁空地,不符合規定,殺蟲劑Thiamethoxam賽速安0.52ppm（標準：0.25ppm以下）
年節食品,20241112,果菜類,辣椒(FV1小紅),108,3499林O鴦/臺北市萬華區萬大路533號第一果菜批發市場地號2215,不符合規定,殺菌劑Cyprodinil賽普洛0.8ppm（標準：0.5ppm以下）
年節食品,20241108,竹笙,"竹荪(製造日期：
20240903)",110,蝦皮購物-台瑞格(美食&日用品),不符合規定,"1.殺蟲劑克凡派0.09ppm（標準：0.05ppm以下）
2.產品外包裝未依規定以中文標示"
年節食品,20241112,竹笙,竹笙,110,鼎昌雜糧行(易順興雜糧行)/臺北市信義區仁愛路4段452巷21號,不符合規定,重金屬鎘5mg/kg(標準：2mg/kg以下)
年節食品,20241108,竹笙,"竹荪(製造日期：
20241010)",110,蝦皮購物-台瑞格(美食&日用品),不符合規定,"1.重金屬鎘5mg/kg（標準：2mg/kg以下）
2.產品屬包裝食品惟未依規定以中文標示"
年節食品,20241112,竹笙,竹笙,106,鼎旺麻辣有限公司(鼎旺麻辣鍋)/臺北市大安區大安路1段 251號,不符合規定,重金屬鎘3mg/kg(標準：2mg/kg以下)
年節食品,20241120,豆乾類,大豆干（不辣）,103,八玖食小食樂趣/臺北市大同區迪化街1段21號永樂市場 1019攤,不符合規定,"1.防腐劑苯甲酸1.0g/kg（標準：0.6g/kg以下）、己二烯酸4.0g/kg（標準：2.0g/kg以下）
2.產品屬包裝食品惟未依規定以中文標示"
年節食品,20241119,豆乾類,"休閒片（有效日期：
20250213）",108,正祥食品行（黃日香豆干台北總店）/臺北市萬華區中華路2段66號1樓/實際抽驗地址為64號,不符合規定,防腐劑己二烯酸2.3g/kg（標準：2.0g/kg以下）
年節食品,20241114,蕈菜類,猴頭菇,108,大福慧素食食品商行/臺北市萬華區西藏路293號1樓,不符合規定,生長調節劑Chlormequat克美素0.13ppm（標準：不得檢出）
年節食品,20241111,巴西蘑菇,巴西蘑菇,103,勝隆南北雜貨行/臺北市大同區迪化街1段258號1樓,不符合規定,重金屬鎘9mg/kg（標準：2mg/kg以下）
年節食品,20241112,香辛植物類,"特花椒粒（有效日期：
20261019）",110,興長生蔘藥行/臺北市信義區吳興街197號,不符合規定,"殺蟲劑Acetamiprid亞滅培1.08ppm（標準：0.05ppm以下）
殺蟲劑Bifenthrin畢芬寧0.07ppm（標準：0.03ppm以下）
殺蟲劑Carbofuran加保扶0.82ppm（標準：不得檢出）殺蟲劑Chlorpyrifos陶斯松0.35ppm（標準：不得檢出）殺蟲劑Clothianidin可尼丁0.08ppm（標準：0.03ppm以下）
殺菌劑Difenoconazole待克利0.32ppm（標準：0.05ppm以下）
殺蟲劑Imidacloprid益達胺0.27ppm（標準：0.05ppm以下）
殺菌劑Pyraclostrobin百克敏0.57ppm（標準：0.05ppm以下）
殺菌劑Tebuconazole得克利0.85ppm（標準：0.05ppm以下
殺蟲劑Cyhalothrin賽洛寧0.08ppm（標準：0.03ppm以下）"
年節食品,20241112,木耳,白木耳,100,趙不金號(協盛福州商店)/臺北市中正區羅斯福路1段8號 1樓南門市場1F-20,不符合規定,"殺蟲劑Imidacloprid益達胺0.50ppm(標準：0.05ppm以下)殺蟲劑Methomyl納乃得0.10ppm(標準：不得檢出)
殺蟲劑Phoxim巴賽松0.09ppm(標準：不得檢出)"
年節食品,20241119,花生製品,"原味花生粉(有效日期：
20250216)",110,彼娜滋,不符合規定,"1.黃麴毒素B1：27.3µg/kg（標準：2µg/kg以下）及總黃麴毒素：33.5µg/kg（標準：4µg/kg以下）
2.產品外包裝未標示「內容物名稱」、「淨重、容量或數量」、「製造廠商或國內負責廠商名稱」、「原產地
（國）」、「營養標示」，且未標示「有效日期」字樣"
年節食品,20241115,竹笙,"竹笙(有效日期：
20260616)",114,萬年興商行/臺北市內湖區內湖路3段107號1樓,不符合規定,產品屬包裝食品惟未依規定以中文標示
年節食品,20241119,花生製品,基隆劉家純無糖花生醬,110,蝦皮-巧巧精品冷凍食品團購窩,不符合規定,產品外包裝未標示「品名」、「內容物名稱」、「淨 重、容量或數量」、「原產地（國）」及「有效日期」且營養標示未標示「每100公克（或毫升）」
年節食品,20241119,水產及其加工品,樂食鱻香菇虱目魚丸（有效日期： 2025.09.12）,114,三允有限公司(米特肉舖)/臺北市內湖區成功路4段30巷 10號,不符合規定,檢出防腐劑己二烯酸0.24g/kg（標準：2.0g/kg以下），惟外包裝未標示該食品添加物名稱，及標示「不添加防腐劑」字樣，標示不實
