行政區域代碼,業者名稱店名,食品業者登錄字號,地址,評核結果
63000010,五花馬-松山機場,A-154060356-00002-9,臺北市松山區敦化北路340之10號2樓,優
63000010,林翠華養生饅頭-松山機場,A-202265142-00001-2,臺北市松山區敦化北路340之10號2樓,優
63000010,二師兄肉羹-松山機場,A-183048655-00006-3,臺北市松山區敦化北路340之10號2樓,優
63000010,麥當勞民生二和德昌(股)公司,A-112411160-00927-2,臺北市松山區民生東路5段234號,優
63000040,麥當勞 - 台北北安,A-112411160-01008-3,臺北市中山區北安路626號1樓,優
63000040,麥當勞-長春,A-112411160-00856-3,臺北市中山區長春路172號,優
63000040,麥當勞-台北民權II分公司,A-112411160-00907-0,臺北市中山區民權東路2段43號1樓,優
63000040,韓姜熙的小廚房 - 台北大直店,A-128841757-00112-4,臺北市中山區敬業三路20號B1,優
63000040,台北中山雅樂軒酒店,A-142647488-00001-2,臺北市中山區雙城街1號,優
63000040,Mo-Mo-Paradise台北中山牧場,A-116098275-00011-8,臺北市中山區南京西路6號2樓,優
63000010,麥當勞-民權一,A-112411160-00900-3,臺北市松山區民權東路3段128號1樓,優
63000010,麥當勞-台北南京六,A-112411160-01715-8,臺北市松山區南京東路4段57號,優
63000010,樂雅樂餐廳-敦化店,A-123932737-00003-7,臺北市松山區敦化北路199巷9號1樓,優
63000080,大來自助餐-台北市萬芳醫院,A-154280160-00002-6,臺北市文山區興隆路3段111號B1,優
63000080,我家養生料理-台北市萬芳醫院,A-137884600-00001-5,臺北市文山區興隆路3段111號B1,優
63000110,乾杯股份有限公司-黑毛屋(SOGO天母店),A-170443909-00046-4,臺北市士林區臺北市士林區中山北路6段77號8樓,優
63000110,麥當勞-台北德行餐廳,A-112411160-00945-2,臺北市士林區臺北市士林區德行東路227號1樓,優
63000110,麥當勞-重北一餐廳,A-112411160-00862-0,臺北市士林區臺北市士林區重慶北路4段123號,優
63000050,西雅圖極品咖啡-台大醫院店,A-116852172-00045-9,臺北市中正區中山南路7號,優
63000050,乾杯股份有限公司-黑毛屋(微風北車店),A-170443909-00048-6,臺北市中正區北平西路3號2樓,優
63000050,台北凱撒大飯店-王朝中餐廳,A-103631207-00003-3,臺北市中正區忠孝西路1段38號,優
63000050,凱撒大飯店-checkers自助餐,A-103631207-00002-2,臺北市中正區忠孝西路1段38號2樓,優
63000050,麥當勞-台北濟南,A-112411160-00931-7,臺北市中正區濟南路2段66號1樓,優
63000080,麥當勞-台北木柵店,A-112411160-00952-0,臺北市文山區木柵路3段57號1樓,優
63000080,麥當勞-台北指南店,A-112411160-00990-2,臺北市文山區指南路2段67號1樓,優
63000070,肉多多-台北西門營業所,A-183053426-00085-2,臺北市萬華區漢中街42號4樓,優
63000070,麥當勞-昆明,A-112411160-00832-7,臺北市萬華區昆明街92之4號,優
63000020,麥當勞-松山車站,A-112411160-01200-7,臺北市信義區松山路11號1樓,優
63000090,樂雅樂餐廳-南港店,A-123932737-00010-5,臺北市南港區經貿二路66之1號,優
63000090,涓豆腐-南港車站店,A-128841757-00043-7,臺北市南港區忠孝東路7段369號8樓C棟,優
63000090,乾杯-南港中信店,A-170443909-00027-3,臺北市南港區經貿二路186之1號2樓,優
63000020,台北艾麗酒店-宴會廳,A-153098740-00002-6,臺北市信義區松高路18號5樓,優
63000020,台北艾麗酒店-La Farfalla,A-153098740-00001-5,臺北市信義區松高路18號6樓,優
63000020,黑毛屋本家-信義店,A-170443909-00022-8,臺北市信義區松高路19號6樓,優
63000020,老乾杯-信義店,A-170443909-00014-9,臺北市信義區松壽路9號8樓,優
63000020,麥當勞-新光信義,A-112411160-01105-1,臺北市信義區松高路12號B2,優
63000060,三澧企業股份有限公司-天吉屋 台北京站店,A-116098275-00017-4,臺北市大同區承德路1段1號1樓,優
63000060,三澧企業股份有限公司-BELLINI Pasta Pasta 台北京站店,A-116098275-00023-1,臺北市大同區承德路1段1號4樓,優
63000060,三澧企業股份有限公司 Mo-Mo-Paradise 台北京站牧場,A-116098275-00009-5,臺北市大同區承德路1段1號4樓,優
63000060,和德昌股份有限公司 麥當勞-台北承德,A-112411160-00960-9,臺北市大同區承德路1段34-36號1樓，32號2樓之1,優
63000010,紅蕃茄餐飲-臺北市立中崙高中 ,A-124399710-00036-2,臺北市松山區八德路4段101號,優
63000070,築間-台北西門町店,A-183293333-00019-2,臺北市萬華區昆明街92之1號2樓,優
63000070,樂麵屋 (西門店),A-128514120-00005-6,臺北市萬華區昆明街25號,優
63000070,兩餐年糕火鍋吃到飽 西門店,A-145899471-00013-9,臺北市萬華區西寧南路123號4樓,優
63000070,石二鍋台北家樂福桂林店,A-161210008-00036-5,臺北市萬華區桂林路1號,優
63000040,築間餐飲事業股份有限公司-築間-台北南京二店,A-183293333-00016-9,臺北市中山區臺北市中山區南京東路1段138號2樓,優
63000040,匡振股份有限公司-壹品宴,A-123157756-00001-5,臺北市中山區臺北市中山區南京東路2段63號2樓,良
63000040,品粹國際股份有限公司-Molino de Urdániz 渥達尼斯磨坊,A-124970147-00001-3,臺北市中山區建國北路1段61號GF,優
63000040,鬍鬚張股份有限公司-鬍鬚張-台北吉林店,A-122721208-00011-4,臺北市中山區吉林路220號,優
63000040,登峰旅館股份有限公司-薇閣精品旅館-大直館,A-127316811-00001-8,臺北市中山區敬業三路11號,優
63000040,荃鴻股份有限公司Krispy Kreme-美麗華,A-154055473-00016-8,臺北市中山區敬業三路20號B1,優
63000040,鬍鬚張股份有限公司鬍鬚張-大直北安店,A-122721208-00031-6,臺北市中山區北安路631號,優
63000040,台北國賓大飯店-國賓中餐廳,A-111636802-00001-6,臺北市中山區遼寧街177號2樓,優
63000040,台北國賓大飯店-A CUT牛排館,A-111636802-00004-9,臺北市中山區遼寧街177號2樓,優
63000110,臺北市士林區文昌國民小學駐點廚房 (上將食品),A-131008061-00001-8,臺北市士林區文林路615巷20號,優
63000110,臺北市私立華興高級中等學校廚房,A-101056109-00001-1,臺北市士林區仰德大道1段101號,優
63000110,開飯川食堂-天母店,A-179955280-00199-2,臺北市士林區忠誠路2段55號5樓,優
63000110,饗泰多-天母店,A-179955280-00200-5,臺北市士林區忠誠路2段55號5樓,優
63000110,果然匯-天母店,A-179955280-00201-6,臺北市士林區忠誠路2段55號B1,優
63000050,beard papa 微風北車店,A-180292991-00002-0,臺北市中正區北平西路3號1樓,優
63000050,徹思叔叔起司蛋糕-微風北車店,A-153740383-00009-0,臺北市中正區北平西路3號1樓,優
63000050,老董牛肉麵-微風台大醫院店,A-194050426-00006-4,臺北市中正區中山南路7號B1,優
63000050,安永鮮食-微風台大醫院店,A-153949524-00027-8,臺北市中正區中山南路7號B1,優
63000050,明德素食園-微風台大醫院店,A-127787256-00002-4,臺北市中正區中山南路7號B1,優
63000050,太傻包子-微風台大醫院店,A-278958562-00001-0,臺北市中正區中山南路7號B1,優
63000050,鬍鬚張-台北南昌店,A-122721208-00027-1,臺北市中正區南昌路1段70號,優
63000050,鬍鬚張-台北華山店,F-122721208-00050-2,臺北市中正區忠孝東路1段150號,優
63000040,石二鍋台北民權東店,A-161210008-00025-3,臺北市中山區民權東路3段19號,優
63000010,松山機場聯合貴賓室(高雄空廚公司),A-170750455-00015-7,臺北市松山區敦化北路340之9號3樓,優
63000120,大地酒店-奇岩一號,A-153952668-00007-9,臺北市北投區奇岩路1號,優
63000120,大地酒店-月兒彎彎,A-153952668-00005-7,臺北市北投區奇岩路1號,優
63000110,劍潭國小廚房 (味安餐飲),A-183160925-00012-5,臺北市士林區通河街16號,優
63000050,螢橋國小廚房 (味安餐飲),A-183160925-00013-6,臺北市中正區詔安街29號,優
63000010,松山國小廚房 (味安餐飲),A-183160925-00007-9,臺北市松山區八德路4段746號,優
63000030,幸安國民小學午餐廚房 (中原食品),A-122640634-00021-8,臺北市大安區仁愛路3段22號,優
63000100,鬍鬚張-內湖湖光店,A-122721208-00079-8,臺北市內湖區功路3段177號1樓,優
63000100,南湖國民小學午餐廚房(中原食品),A-122640634-00019-5,臺北市內湖區康寧路3段200號,優
63000100,麗山國民小學駐點廚房 (上將食品),A-108611406-00001-5,臺北市內湖區港華街100號,優
63000090,宮保王食品有限公司,A-197307955-00001-4,臺北市南港區南港路3段149巷49弄12、14號,優
63000040,佳善自助餐-實踐大學店,A-200234907-00001-5,臺北市中山區大直街70號,優
63000040,輔大豬排-實踐大學店,A-200132697-00000-7,臺北市中山區大直街70號,優
63000030,樂麵屋 (永康公園店),A-128514120-00004-5,臺北市大安區永康街10巷3號,優
63000030,Rice℃afé杓文字,A-142863611-00002-1,臺北市大安區永康街10巷7號,優
63000050,成功高中-紅太陽廚房,A-189780471-00007-9,臺北市中正區濟南路1段71號,優
63000030,和平國民小學午餐廚房(中原食品),A-122640634-00025-2,臺北市大安區敦南街76巷28號,優
63000050,和逸飯店-台北忠孝館,A-154180916-00001-3,臺北市中正區忠孝東路1段31號,優
63000060,饗食天堂京站店,A-179955280-00112-7,臺北市大同區承德路1段1號4樓,優
63000060,開飯川食堂京站店,A-179955280-00121-7,臺北市大同區承德路1段1號4樓,優
63000050,成功高中-熱食一 (品大餐飲),A-200209691-00001-7,臺北市中正區濟南路1段71號,優
63000060,鬍鬚張-美食文化館,A-122721208-00002-4,臺北市大同區寧夏路54號,優
63000050,開南高級中等學校熱食部 (冠霖物流),A-127754430-00004-4,臺北市中正區濟南路1段6號,優
63000120,大屯國民小學午餐廚房 (中原食品),A-122640634-00022-9,臺北市北投區復興三路312號,優
63000120,麥當勞-台北中央,A-112411160-01114-1,臺北市北投區中央北路4段532號1樓,優
63000100,Mo-Mo-Paradise 內湖大潤發牧場,A-116098275-00038-7,臺北市內湖區舊宗路1段188號,優
63000100,麥當勞-內湖金龍,A-112411160-01697-7,臺北市內湖區金龍路6號,優
63000100,樂雅樂餐廳-西湖店,A-123932737-00067-7,臺北市內湖區瑞光路583巷31號1樓,優
63000100,北村豆腐家-內湖潤泰店,A-128841757-00032-5,臺北市內湖區成功路4段188號2樓,良
63000120,西雅圖極品咖啡-振興醫院店,A-116852172-00019-0,臺北市北投區振興街45號,優
63000120,樂雅樂餐廳-北投店,A-123932737-00001-5,臺北市北投區北投路2段9號1樓,優
63000120,鬍鬚張-台北石牌店,F-122721208-00051-3,臺北市北投區石牌路2段25號,優
63000100,鬍鬚張-內湖瑞光店,A-122721208-00037-2,臺北市內湖區瑞光路301號,優
63000120,小王子的飛行旅程餐廳-國立臺北藝術大學,A-152610926-00012-2,臺北市北投區學園路1號,優
63000120,達文西廚房-國立臺北藝術大學,A-183052094-00000-9,臺北市北投區學園路1號,優
63000100,築間-台北內湖店,A-183293333-00079-8,臺北市內湖區內湖路1段318號,優
63000120,悅廚-振興醫院店,A-179394302-00001-6,臺北市北投區振興街45號,優
63000110,麥當勞 - 士林餐廳,A-112411160-00855-2,臺北市士林區中山北路5段602號,優
63000110,士林 萬麗酒店 宴會廳,A-153751439-00003-8,臺北市士林區中山北路5段470巷8號,優
63000110,士林 萬麗酒店 Tea Lab茶坊,A-153751439-00004-9,臺北市士林區中山北路5段470巷8號,優
63000110,士林 萬麗酒店 R-bar,A-153751439-00005-0,臺北市士林區中山北路5段470巷8號,優
63000110,士林 萬麗酒店 士林廚房,A-153751439-00002-7,臺北市士林區中山北路5段470巷8號,優
63000110,士林 萬麗酒店 萬麗軒,A-153751439-00001-6,臺北市士林區中山北路5段470巷8號,優
63000020,饗饗餐廳 信義店,A-179955280-00142-0,臺北市信義區忠孝東路5段68號46樓,優
63000020,彭園會館 台北館,A-127973174-00001-9,臺北市信義區忠孝東路5段297號5樓,良
63000020,藏壽司 松高店,A-154669129-00022-4,臺北市信義區松高路16號B1,優
63000020,TGI Fridays星期五餐廳　松高店,A-123932928-00023-1,臺北市信義區松高路16號3樓,優
63000020,饗泰多餐廳 松高店,A-179955280-00127-3,臺北市信義區松高路16號3樓,優
63000020,德州牛排餐廳 松高店,A-154687739-00001-8,臺北市信義區松高路16號3樓,優
63000020,掌門精釀啤酒餐廳 松高店,A-152312692-00001-9,臺北市信義區松高路16號4樓,優
63000020,饗食天堂餐廳 信義店,A-179955280-00113-8,臺北市信義區松壽路12號6樓,優
63000020,兩餐年糕火鍋餐廳 信義店,A-169713432-00002-5,臺北市信義區松壽路12號4樓,良
63000080,臺北市景興國小-中原食品,A-122640634-00029-6,臺北市文山區景華街150巷21號,優
63000080,石二鍋-台北興隆店,A-161210008-00029-7,臺北市文山區興隆路4段149號1樓,優
63000120,大地酒店-喜歡廳,A-153952668-00006-8,臺北市北投區奇岩路1號,優
63000120,珍品軒-振興醫院店,A-200227204-00001-7,臺北市北投區振興街45號,優
63000120,桃源國民小學(宏遠國際餐飲股份有限公司),A-125094980-00007-2,臺北市北投區中央北路3段40巷45號,優
63000080,力行國民小學(宏遠國際餐飲股份有限公司),A-125094980-00036-4,臺北市文山區木新路3段155巷7號,優
63000110,木槿花,A-142735778-00002-3,臺北市士林區承德路5段55號,優
63000110,突厥,A-152660679-00003-2,臺北市士林區承德路5段55號,優
63000110,熊大廚,A-200162777-00001-0,臺北市士林區承德路5段55號,優
63000110,呀咪食堂,A-200151742-00001-0,臺北市士林區承德路5段55號,優
63000110,鼎豐Food,A-200123471-00001-8,臺北市士林區承德路5段55號,優
63000110,漢堡王-兒童新樂園,A-123309178-00043-8,臺北市士林區承德路5段55號,優
63000110,葡兒飛,A-180703050-00025-8,臺北市士林區承德路5段55號,優
63000110,義品院,A-199697368-00013-9,臺北市士林區承德路5段55號,優
63000060,臺北市立聯合醫院中興院區,A-400126705-00002-4,臺北市大同區鄭州路145號B1營養科,優
63000050,大戶屋-微風台北車站店,A-153089762-00024-4,臺北市中正區北平西路3號2樓,優
63000050,大戶屋-台北凱撒店,A-153089762-00017-6,臺北市中正區忠孝西路1段38號B1,優
63000040,彭園湘菜林森店,A-112465165-00001-9,臺北市中山區林森北路380號2、3樓,優
63000030,湘8老,A-154359481-00001-8,臺北市大安區安和路2段74巷8號,優
63000060,臺北市市立大同國小(統鮮美食股份有限公司),A-153691897-00037-6,臺北市大同區大龍街51號,優
63000020,鼎泰豐-台北101店,A-186125275-00006-0,臺北市信義區市府路45號B1,優
63000020,凱林鐵板燒-台北101店,A-169456052-00001-6,臺北市信義區市府路45號B1,優
63000020,雪嶽山-台北101店,A-153717587-00010-2,臺北市信義區市府路45號B1,優
63000020,阿官火鍋-台北101店,A-125003736-00054-3,臺北市信義區市府路45號B1,優
63000090,臺北市立聯合醫院忠孝醫院供膳場所、臺北市立聯合醫院忠孝院區附設護理之家,A-400126705-00006-8,臺北市南港區同德路87號B1營養科,優
63000090,凱鴻素食有限公司,A-189624042-00001-4,臺北市南港區松河街406號1樓,優
63000090,鉅登團膳食品有限公司,A-153323036-00000-3,臺北市南港區南港路3段80巷32號2樓,優
63000090,紅蕃茄自助餐-南港高工,A-124399710-00056-4,臺北市南港區興中路29號,良
63000080,遠百企業股份有限公司-景美分公司,A-105714195-00075-2,臺北市文山區景中街30巷12號,優
63000020,Q Burger 信義吳興店,A-191120573-00001-7,臺北市信義區吳興街281巷59號,優
63000030,國立臺灣師範大學附屬高級中學-富秝餐飲有限公司,A-200180197-00002-7,臺北市大安區信義路3段143號,優
63000020,有限責任臺北市立松山高級工農職業學校員生消費合作社,A-173992941-00001-3,臺北市信義區忠孝東路5段236巷15號自強樓B1,優
63000020,松山高中 黑金珠咖啡館,A-150657348-00002-8,臺北市信義區基隆路1段156號,優
63000020,Q Burger 信義信安店,A-190628186-00001-9,臺北市信義區信安街127號,優
63000020,誠品行旅-The Chapter,A-153931593-00001-7,臺北市信義區菸廠路98號1樓,優
63000020,誠品行旅-In Between,A-153931593-00002-8,臺北市信義區菸廠路98號2樓,優
63000070,駐外福星國小廚房-統鮮美食股份有限公司,A-153691897-00038-7,臺北市萬華區中華路1段66號,優
63000080,萬芳高中熱食部(連大莊企業有限公司),A-180529551-00006-9,臺北市文山區興隆路3段115巷1號,優
63000070,大理高中熱食部(連大莊企業有限公司),A-180529551-00010-4,臺北市萬華區長順街2號,優
63000070,華江高中早餐部(連大莊企業有限公司),A-180529551-00019-3,臺北市萬華區西藏路213號,優
63000070,華江高中熱食部(連大莊企業有限公司),A-180529551-00005-8,臺北市萬華區西藏路213號,優
63000070,Q Burger 萬華寶興店,A-200150834-00001-1,臺北市萬華區寶興街149號1樓,優
63000070,格萊天漾大飯店-12F,A-152810086-00005-3,臺北市萬華區艋舺大道101號12樓,優
63000070,格萊天漾大飯店-13F,A-152810086-00001-9,臺北市萬華區艋舺大道101號13樓,優
63000070,格萊天漾大飯店-14F,A-152810086-00002-0,臺北市萬華區艋舺大道101號14樓,優
63000070,格萊天漾大飯店-15F,A-152810086-00003-1,臺北市萬華區艋舺大道101號15樓,優
63000070,格萊天漾大飯店-16F,A-152810086-00004-2,臺北市萬華區艋舺大道101號16樓,優
63000050,環球敦品產後護理之家,A-177011217-00000-4,臺北市中正區中華路2段77號,優
63000050,台糖台北會館,A-103794905-00047-6,臺北市中正區中華路1段39號,優
63000070,Friday's-西門餐廳,A-123932928-00006-2,臺北市萬華區武昌街2段72號2樓,優
63000070,JAI宅,A-185107849-00004-4,臺北市萬華區武昌街2段50巷10號2樓,優
63000070,我!就厲害燒烤吃到飽 西門店,A-125100343-00001-7,臺北市萬華區漢中街127號4、5樓,優
63000070,成真咖啡-台北西門店,A-183294656-00001-2,臺北市萬華區漢口街2段53巷2號,優
63000060,朱媽媽小吃店,A-200079980-00001-3,臺北市大同區酒泉街10巷1號,優
63000070,Thai boat noodle original,A-200220411-00001-0,臺北市萬華區中華路2段8號,優
63000070,富宏牛肉麵,A-200173060-00001-7,臺北市萬華區洛陽街67號,優
63000070,威尼斯點心坊,A-101492756-00001-3,臺北市萬華區莒光路145號,良
63000060,ASI南洋風味館,A-200112607-00001-7,臺北市大同區酒泉街26之4號,良
63000060,坂京鍋燒麵,A-200079788-00001-9,臺北市大同區酒泉街10巷17號,優
63000060,21工房,A-116735133-00003-0,臺北市大同區酒泉街10巷25號,優
63000060,晶湯匙,A-112856563-00003-7,臺北市大同區承德路1段1號4樓,優
63000060,君城本家-重慶門市,A-154332478-00002-6,臺北市大同區重慶北路3段53號1樓,優
63000070,天天利美食坊,A-200110346-00001-5,臺北市萬華區漢中街32巷1號,良
63000110,四海遊龍-台北兒童新樂園,A-124293977-00170-9,臺北市士林區承德路5段55號,優
63000110,鴻屋蛋包飯,A-199697368-00014-0,臺北市士林區承德路5段55號,優
63000110,花蓮扁食-台北新兒童樂園,A-170837404-00006-7,臺北市士林區承德路5段55號,優
63000020,KADOKADO-台北101店,A-128310379-00001-2,臺北市信義區信義路5段7號89樓,優
63000040,Q Burger 中山天祥店,A-188141238-00001-4,臺北市中山區天祥路22號1樓,優
63000010,點水樓-南京店,A-127549234-00002-6,臺北市松山區南京東路4段61號,優
63000010,城市商旅-臺北南東館,A-202292788-00001-8,臺北市松山區南京東路411號B3-7樓,優
63000010,大來商旅（桃莉廚房）,A-112518228-00001-8,臺北市松山區長春路432號1-7樓,優
63000030,秀蘭 Gourmet,A-124322213-00001-8,臺北市大安區信義路2段198巷5之5號1樓,良
63000040,Q Burger 中山農安店,A-191041521-00001-2,臺北市中山區農安街170號1樓、地下室,優
63000100,內湖高中熱食部(連大莊企業有限公司),A-180529551-00012-6,臺北市內湖區文德路218號,良
63000100,湘之坊-內湖高工熱食部,A-199094649-00002-0,臺北市內湖區內湖路1段520號B1,優
63000100,Q Burger 內湖港墘店,A-188373216-00001-7,臺北市內湖區麗山街68巷16號1樓及地下室,優
63000100,好市多股份有限公司-內湖分公司,A-196972798-00011-7,臺北市內湖區舊宗路1段268號,優
63000100,士福美食股份有限公司,A-183475761-00000-9,臺北市內湖區新明路193、195號,優
63000040,柯達大飯店臺北一店,A-112398429-00000-6,臺北市中山區中山北路2段11巷1號,優
63000040,柯達大飯店臺北二店,A-170491824-00000-3,臺北市中山區中山北路2段139號,優
63000040,大戶屋-民權東路一段店,A-153089762-00030-1,臺北市中山區民權東路1段9號B1,優
63000040,大同高中熟食部(連大莊企業有限公司),A-180529551-00008-1,臺北市中山區長春路167號,優
63000060,Q Burger 大橋頭店,A-190094555-00001-6,臺北市大同區民權西路226號,優
63000060,成淵熱食部,A-180529551-00027-2,臺北市大同區承德路2段235號,優
63000060,成淵早餐部,A-180529551-00028-3,臺北市大同區承德路2段235號,優
63000060,臺北車站智選假日酒店,A-129050746-00000-1,臺北市大同區重慶北路1段73號,優
63000060,臺北市立啟聰學校,A-103771706-00001-0,臺北市大同區重慶北路3段320號,優
63000020,統鮮美食駐外雙永國小廚房,A-153691897-00040-0,臺北市信義區松山路287巷5號,優
63000030,美樂食餐飲-大安森林食堂,A-154651346-00001-3,臺北市大安區新生南路1段161之3號,優
63000030,驥園川菜餐廳,A-200114776-00001-6,臺北市大安區敦化南路1段324號B1,良
63000030,五月雪客家私房珍釀,A-125673165-00001-4,臺北市大安區敦化南路1段329巷16號,優
63000030,勺日zhuori,A-170805613-00001-9,臺北市大安區復興南路1段206號1樓,優
63000030,真的好海鮮餐廳,A-128671839-00001-3,臺北市大安區復興南路1段222號1樓、B1,良
63000030,BELLINI Caffe 臺北敦南店,A-116098275-00025-3,臺北市大安區敦化南路1段370號B1、B2,優
63000030,ULV Restaurant,A-200167496-00001-3,臺北市大安區敦化南路1段160巷18號1樓,優
63000030,Mamak檔忠孝店,A-180676602-00026-1,臺北市大安區敦化南路1段187巷72號1樓,優
63000030,莫宰羊精緻羊肉料理,A-128216918-00003-8,臺北市大安區新生南路3段28號,良
63000030,侍燒肉,A-190396290-00001-7,臺北市大安區敦化南路1段177巷22號1樓,優
63000030,梵燒肉,A-142990665-00001-0,臺北市大安區敦化南路1段235號2樓,優
63000030,橘色,A-113841505-00001-6,臺北市大安區大安路1段135號,優
63000030,不一樣乾麵,A-200125580-00001-1,臺北市大安區延吉街70巷5弄10號1樓,良
63000030,玉喜飯店,A-180530207-00001-4,臺北市大安區忠孝東路4段289號3-5樓,良
63000030,春申食府,A-150759197-00001-2,臺北市大安區仁愛路4段66號B1,優
63000030,謙安和,A-153933184-00003-7,臺北市大安區安和路1段127巷4號,優
63000030,LADY M 臺北旗艦店,A-142868475-00002-4,臺北市大安區光復南路240巷26號,優
63000030,蘭ORCHID,A-143670887-00001-2,臺北市大安區安和路2段83號,優
63000030,Indulge Bistro,A-129227955-00001-0,臺北市大安區復興南路1段219巷11號1樓,優
63000040,哈根達斯 - 美麗華,A-186384960-00019-2,臺北市中山區敬業三路20號1樓,優
63000040,點水樓 - 大直店,A-127549234-00015-0,臺北市中山區樂群三路299號3樓,優
63000040,涓豆腐 - 美麗華店,A-128841757-00039-2,臺北市中山區敬業三路20號3樓,優
63000040,壽司郎 - 美麗華,A-152929520-00018-1,臺北市中山區敬業三路20號2樓,優
63000040,添好運 - 美麗華店,A-154752668-00035-9,臺北市中山區敬業三路22號2樓,優
63000040,Fridays - 美麗華店,A-123932928-00012-9,臺北市中山區敬業三路22號2樓,良
63000040,駱姐正雞酒,A-170437940-00009-1,臺北市中山區敬業三路20號B1,優
63000040,新佳坡海南雞飯,A-191066022-00001-5,臺北市中山區敬業三路20號B1,優
63000040,軒記蚵仔煎,F-113830417-00005-5,臺北市中山區敬業三路20號B1,優
63000040,朱記餡餅粥店-美麗華,A-153095716-00055-4,臺北市中山區敬業三路20號B1,優
63000040,豆之味豆腐坊,A-128578518-00004-6,臺北市中山區敬業三路20號B1,優
63000040,Jamba Juice,A-154055473-00017-9,臺北市中山區敬業三路20號B1,優
63000040,酷聖石冰淇淋 - 美麗華,A-128459597-00014-2,臺北市中山區敬業三路20號B1,優
63000040,大心Express - 美麗華,A-153710347-00005-3,臺北市中山區敬業三路20號B1,優
63000040,杏桃鬆餅屋 - 大直美麗華店,A-150906000-00005-3,臺北市中山區敬業三路20號B1,優
63000040,靜岡勝政日式豬排 - 大直美麗華店,A-150906000-00011-0,臺北市中山區敬業三路20號B1,優
63000040,哈根達斯 - 美麗華影城,A-186384960-00015-8,臺北市中山區敬業三路20號,優
63000040,美琪蒙古烤肉,A-127337604-00001-1,臺北市中山區敬業三路20號5樓,優
63000040,Meat love - 美麗華,A-182813125-00001-9,臺北市中山區敬業三路20號5樓,優
63000040,時時香 - 美麗華店,A-153710347-00004-2,臺北市中山區敬業三路20號5樓,優
63000040,唐點小聚 - 美麗華店,A-155827835-00002-3,臺北市中山區敬業三路20號5樓,優
63000040,統鮮美食駐外永安國小廚房,A-153691897-00041-1,臺北市中山區明水路397巷19弄1號,優
63000040,BEPPIN PASTA - 美麗華,A-150906000-00001-9,臺北市中山區敬業三路20號5樓,優
63000040,大戶屋 - 美麗華店,A-153089762-00022-2,臺北市中山區敬業三路20號B1,優
63000040,溫野菜 - 美麗華店,A-142855289-00012-4,臺北市中山區敬業三路20號5樓,優
63000040,金色三麥 - 美麗華店,A-124692475-00001-8,臺北市中山區敬業三路20號5樓,優
63000030,開飯川食堂敦化店,A-179955280-00133-0,臺北市大安區敦化南路1段246號B2,優
63000030,鬍鬚張-台北通化店,A-122721208-00032-7,臺北市大安區通化街18號,優
63000010,Beimaru米三角日式飯糰專賣店,A-138567758-00001-8,臺北市松山區敦化北路153之1號 ,優
63000010,齒牛香牛肉麵,A-200163248-00001-4,臺北市松山區饒河街104號,良
63000010,君悅排骨-捷運南京店,A-186311094-00001-1,臺北市松山區慶城街23號,優
63000010,品麟生猛活海鮮,A-200152470-00001-9,臺北市松山區新東街60巷17號,良
63000010,戰醬燒肉,A-200240120-00001-9,臺北市松山區市民大道4段157號,良
63000010,王記府城肉粽,A-153111005-00002-6,臺北市松山區八德路2段374號1樓,優
63000010,はま寿司-南京復興店,A-154181892-00215-4,臺北市松山區南京東路3段270號,優
63000010,HOOTERS美式餐廳,A-180654972-00002-1,臺北市松山區慶城街18號、18號之1,優
63000010,蘿莎娜小廚房La Locanda,A-143700030-00001-6,臺北市松山區八德路3段12巷52弄18號1樓,優
63000010,御膳煲養生雞湯館,A-200249200-00001-7,臺北市松山區光復北路60巷17號,優
63000010,春水堂-慶城店,A-116881418-00004-9,臺北市松山區慶城街1號2樓,優
63000010,少點鹽健康餐盒專賣小巨蛋店,A-202305287-00001-7,臺北市松山區敦化北路120巷7弄5號,優
63000010,薺元小館,A-128203147-00001-6,臺北市松山區南京東路4段19號,優
63000010,君悅排骨-敦北店,A-113460049-00001-6,臺北市松山區敦化北路155巷2號1樓,優
63000010,犁園湯包館,A-125666072-00003-5,臺北市松山區南京東路3段256巷24號,良
63000010,鍋爸涮涮鍋-南京店,A-200119161-00001-9,臺北市松山區南京東路4段50號B1,良
63000010,花娘小館,A-200095305-00001-2,臺北市松山區敦化北路165巷15號,良
63000010,百八魚場-南京店,A-153112784-00035-7,臺北市松山區南京東路5段208號,良
63000010,醉楓園小館,A-120986441-00001-3,臺北市松山區八德路3段8巷5號1樓,良
63000010,吉品海鮮餐廳,A-127952760-00003-9,臺北市松山區敦化南路1段1號1樓,優
63000010,扶風堂,A-142848133-00001-2,臺北市松山區敦化北路165巷5號,優
63000010,中崙巧味亭日本料理,A-200233003-00001-1,臺北市松山區八德路3段84號,良
63000010,京鼎小館,A-183935619-00001-3,臺北市松山區敦化北路155巷13號,良
63000010,池上傳統便當,A-200077600-00001-0,臺北市松山區八德路4段53號1樓,良
63000010,上島咖啡-八德店,A-122662833-00008-8,臺北市松山區八德路3段32號1樓,優
63000010,三井料理美術館,A-127749845-00001-5,臺北市松山區敦化南路1段108號B1-1,優
63000010,米與多蜜-台北東興店,A-182773117-00005-9,臺北市松山區東興路23號1樓,優
63000010,珍蜜咖啡館,A-200166215-00001-1,臺北市松山區八德路3段2號1樓,優
63000010,磚窯古早味餐廳,A-173705997-00001-6,臺北市松山區敦化南路1段7之1號,良
63000090,鬍鬚張-台北永吉店,A-122721208-00006-8,臺北市南港區永吉路533號,優
63000090,開飯川食堂南港店,A-179955280-00124-0,臺北市南港區經貿二路186之1號C棟3樓,優
63000090,樂麵屋 (南港店),A-128514120-00008-9,臺北市南港區經貿二路166號A棟2樓,優
63000090,Q Burger 南港福德店,A-188359967-00001-4,臺北市南港區福德街312號1樓,優
63000090,悟饕池上飯包-台北南港店,A-172979786-00002-5,臺北市南港區南港路2段211號1樓,優
63000090,朱記餡餅粥店-南港中信店,A-153095716-00020-6,臺北市南港區經貿二路186之1號C棟3樓,優
63000090,雅悅會館文華館,A-184435578-00007-9,臺北市南港區經貿二路166號A棟3樓,優
63000110,富源號,A-200196585-00001-4,臺北市士林區文昌路28號1樓,良
63000110,番紅花印度美饌-天母店,A-128220173-00001-4,臺北市士林區天母東路38之6號,優
63000110,金蓬萊台菜餐廳,A-200126133-00001-6,臺北市士林區天母東路101號,優
63000110,風月涼麵,A-200245690-00001-6,臺北市士林區前港街30號,良
63000110,翡宴印度餐廳,A-153927824-00001-9,臺北市士林區天母東路50巷22之1號,良
63000110,豚王拉麵,A-153658314-00003-6,臺北市士林區天母東路50巷10弄2號,優
63000110,原味錄黑糖刨冰,A-200081765-00001-7,臺北市士林區天母東路50巷20之9號,良
63000110,倈得有限公司-天母分公司,A-128225043-00002-6,臺北市士林區中山北路7段31號,良
63000010,第一餐盒股份有限公司 (西松國小),A-128673689-00004-1,臺北市松山區南京東路5段123巷8弄與147巷交叉口,優
63000040,莫凡彼 - 美麗華店,A-127542696-00001-0,臺北市中山區敬業三路20號3樓,優
63000120,君城本家-石牌門市,A-154332478-00008-2,臺北市北投區石牌路2段64號,優
63000040,蘭軒中國菜-實踐大學店,A-200001145-00001-1,臺北市中山區大直街70號,優
63000110,阿德的店,A-200102922-00001-6,臺北市士林區光華路26巷8號,良
63000110,CINE CAFE,A-200105700-00001-3,臺北市士林區長春街12號,良
63000110,福勝亭-士林店,A-197301707-00271-2,臺北市士林區文林路438號,優
63000110,杏禹濃茶,A-202305058-00001-3,臺北市士林區中山北路6段822號,優
63000110,君城本家-芝山店,A-154332478-00009-3,臺北市士林區福國路70號,優
63000110,荖子鍋-家樂福天母店,F-200199956-00001-4,臺北市士林區德行西路47號1樓,優
63000110,典華雅聚-士林店,A-182856355-00000-0,臺北市士林區福華路114號,優
63000110,高麗味,A-200082194-00001-4,臺北市士林區忠誠路2段152號,優
63000110,洋蔥-天母店,A-128465893-00001-4,臺北市士林區忠誠路2段132號,良
63000110,青青食尚花園會館,A-112872178-00001-5,臺北市士林區至善路2段266巷32-64號,優
63000080,Q Burger 文山福興店,A-190577150-00001-3,臺北市文山區福興路45號,優
63000010,鬍鬚張-台北民生店,A-122721208-00007-9,臺北市松山區民生東路4段76號,優
63000030,國聯大飯店-北馥樓,A-112211114-00002-3,臺北市大安區光復南路200號2樓,優
63000030,麥當勞-台北新生,A-112411160-00834-9,臺北市大安區新生南路3段88之2號,優
63000030,人从众厚切牛排(台北永康店),A-142438460-00001-0,臺北市大安區永康街10巷2號,優
63000020,Wired TOKYO-統一時代店,A-189398566-00001-3,臺北市信義區忠孝東路5段8號5樓,優
63000020,米達人-統一時代店,A-145128707-00005-7,臺北市信義區忠孝東路5段8號B2,優
63000020,大戶屋-統一時代店,A-153089762-00021-1,臺北市信義區忠孝東路5段8號B2,優
63000020,首塢爾-統一時代店,A-153718045-00020-3,臺北市信義區忠孝東路5段8號B2,優
63000020,億長御坊-統一時代店,A-183160707-00008-8,臺北市信義區忠孝東路5段8號B2,優
63000020,北村豆腐家-統一時代店,A-128841757-00024-6,臺北市信義區忠孝東路5段8號B2,優
63000020,涓豆腐 -統一時代店,A-128841757-00058-3,臺北市信義區忠孝東路5段8號7樓,優
63000020,涮乃葉-統一時代店,A-127766105-00060-8,臺北市信義區忠孝東路5段8號3樓,優
63000040,鮨隆,A-200124535-00001-0,臺北市中山區新生北路2段60-5號1樓,優
63000050,山海樓,A-170847135-00004-7,臺北市中正區仁愛路2段94號,優
63000040,欣葉台菜創始店,A-112107610-00001-7,臺北市中山區雙城街34之1號1樓、2樓、B1,優
63000010,築間-台北三民店,A-183293333-00097-8,臺北市松山區三民路25號,優
63000010,釜山順豆腐-微風南京店,A-142493316-00001-1,臺北市松山區南京東路3段337號B2,優
63000010,和民手作廚房-微風南京店,A-127725371-00037-2,臺北市松山區南京東路3段337號B2,優
63000010,大心-台北松山機場店,A-180176590-00004-8,臺北市松山區敦化北路340之9號,優
63000010,WING CAFÉ-松山機場,A-189400818-00024-2,臺北市松山區敦化北路340之9號,優
63000010,好饗廚房-松山機場,A-189400818-00001-7,臺北市松山區敦化北路340之9號,優
63000010,品川蘭-松山機場,A-197301707-00267-7,臺北市松山區敦化北路340之9號2樓,優
63000010,SUBWAY-松山機場,A-200121256-00002-8,臺北市松山區敦化北路340之9號,優
63000010,翰林茶館-松山機場,A-184957153-00210-3,臺北市松山區敦化北路340之10號,優
63000060,西悠巢旅台北館,A-153597817-00001-4,臺北市大同區民生西路198號,優
63000110,臺北市立陽明教養院,A-128192021-00002-5,臺北市士林區凱旋路61巷4弄9號,優
63000110,KEY COFFEE天母新光三越,A-122175159-00002-2,臺北市士林區天母東路68號B1,優
63000110,就愛豐盛號,A-124929653-00000-8,臺北市士林區中正路223巷4號1樓,優
63000110,禾膳股份有限公司-士林餐飲場所(禾馨士林產後護理之家),A-150898254-00001-0,臺北市士林區中正路289之1號1樓,優
63000110,Q Burger 北投知行店,A-188307027-00001-4,臺北市士林區知行路249號,優
63000120,好市多股份有限公司北投分公司,A-196972798-00034-2,臺北市北投區立德路117號,優
63000120,大戶屋-新北投店,A-153089762-00034-5,臺北市北投區泉源路12號2樓之1,優
63000120,北投水美溫泉會館,A-113114499-00000-0,臺北市北投區光明路224號,優
63000110,統鮮美食駐外葫蘆國小廚房,A-153691897-00042-2,臺北市士林區環河北路3段95號,優
63000120,國際大旅舘,A-129697908-00001-9,臺北市北投區湖山路1段7號,優
63000120,Q Burger 北投懷德店,A-200222777-00001-7,臺北市北投區建民路161之5號1樓,優
63000110,臺北市立聯合醫院陽明院區 營養科供膳場所,A-400126705-00007-9,臺北市士林區雨聲街105號B1營養科,優
63000110,妻家房-天母SOGO,A-153718045-00027-0,臺北市士林區中山北路6段77號8樓,優
63000110,漢來海港-天母SOGO店,A-154830904-00001-2,臺北市士林區中山北路6段77號7樓,優
63000040,老爺會館 台北南西,A-112142980-00001-6,臺北市中山區南京西路1號8樓,良
63000040,大戶屋 誠品南西店,A-153089762-00042-4,臺北市中山區南京西路14號B1,優
63000040,大倉久和 歐風館,A-128469069-00003-5,臺北市中山區南京東路1段9號2樓,優
63000040,大倉久和 宴會廳,A-128469069-00005-7,臺北市中山區南京東路1段9號3樓,優
63000040,大倉久和  桃花林,A-128469069-00004-6,臺北市中山區南京東路1段9號2樓,優
63000040,大倉久和  山里,A-128469069-00006-8,臺北市中山區南京東路1段9號5樓,優
63000040,大倉久和  麵包廚,A-128469069-00010-3,臺北市中山區南京東路1段9號B2,優
63000040,大倉久和  點心廚,A-128469069-00007-9,臺北市中山區南京東路1段9號B2,優
63000030,麻醉坊,A-200137748-00001-0,臺北市大安區永康街37之2號,良
63000030,DA ANTONIO by隨意鳥地方（公企中心店）,A-150796340-00005-7,臺北市大安區金華街187號,優
63000030,歐嬤德式美食 金華店,A-182949278-00002-9,臺北市大安區金華街221號,優
63000030,草原風蒙古火鍋,A-185045751-00000-3,臺北市大安區永康街37巷18號,優
63000030,鴉埠咖啡,A-200154703-00001-0,臺北市大安區永康街41巷26號1樓,優
63000030,8% ice cafe,A-153928416-00001-7,臺北市大安區永康街23巷6號1樓,優
63000030,成真咖啡-台北永康店,A-126223646-00001-0,臺北市大安區永康街37巷6號,優
63000030,MR Energy 能量先生-台北東門店,A-179847706-00001-7,臺北市大安區金山南路2段7號,優
63000030,饃饃噠商行,A-200230798-00001-9,臺北市大安區金山南路2段25之1號1樓,優
63000030,魚鼎食場,A-200192713-00001-3,臺北市大安區永康街53號,良
63000030,鑫華小吃店,A-194901616-00001-5,臺北市大安區愛國東路101號,良
63000030,好公道金雞園,A-126256168-00000-4,臺北市大安區永康街28之1號,良
63000030,無一物海產粥,A-200192943-00001-8,臺北市大安區金華街183巷22號,良
63000030,Muko Brunch,A-200209386-00001-8,臺北市大安區金華街183巷8號,優
63000030,Petit Doux 微兜 永康店,A-124692475-00019-7,臺北市大安區信義路2段198巷7之3號1樓,優
63000030,福圓號-永康門市,A-154355725-00026-2,臺北市大安區信義路2段248號1樓,優
63000070,家樂福桂林店-即食熟食區,A-122662550-00000-6,臺北市萬華區桂林路1號3樓,優
63000070,北村豆腐家,A-128841757-00072-9,臺北市萬華區桂林路1號,優
63000030,空中咖啡館,A-200230513-00000-3,臺北市大安區金山南路2段85巷7號,優
63000030,頂尖高手夢幻鹹酥雞,A-110354184-00001-5,臺北市大安區永康街15號之8,優
63000030,豆豆里-永康旗艦店,A-183166884-00001-3,臺北市大安區永康街2巷7號,優
63000030,雲鼎阿二麻辣,A-183798565-00001-0,臺北市大安區永康街6巷13號,優
63000030,府岸海產城,A-177875825-00001-8,臺北市大安區永康街8巷7號1樓,優
63000030,府城台南美食,A-152602658-00001-3,臺北市大安區永康街8之1號,良
63000030,五燈獎,A-190749180-00001-7,臺北市大安區永康街14巷3號1樓,優
63000030,食藝手創,A-152596425-00001-7,臺北市大安區永康街13巷5號,優
63000040,新葡苑-台北中山店,A-127717442-00001-3,臺北市中山區中山北路2段24之3號,優
63000030,大來小館,A-126232286-00001-0,臺北市大安區永康街7巷2號,優
63000030,朱記餡餅粥-永康店,A-153095716-00037-4,臺北市大安區永康街6巷10號,優
63000030,誠記越南麵食館,A-127157715-00001-4,臺北市大安區永康街6巷1號及1之1號,良
63000030,Saizeriya薩莉亞義大利料理餐廳-師大店,A-128854801-00002-6,臺北市大安區和平東路1段129之1號,優
63000030,享鴨台北金山南店,A-184630426-00485-8,臺北市大安區金山南路2段2號2樓,優
63000030,馬辣復興店,A-150895382-00000-8,臺北市大安區復興南路1段152~162號4樓,優
63000030,65咖啡,A-200192407-00001-3,臺北市大安區金華街179號,優
63000030,永康刀削麵,A-200200892-00001-1,臺北市大安區永康街10巷5號,優
63000030,八方雲集 大安金山南店,A-170472679-00859-2,臺北市大安區金山南路2段8號,優
63000030,牡丹,A-127524228-00001-1,臺北市大安區四維路52巷17號,優
63000030,台北馥敦飯店復南館,A-180506001-00000-8,臺北市大安區復興南路2段41號,良
63000070,爭鮮-桂林家樂福店,A-197286918-00033-4,臺北市萬華區桂林路1號,優
63000030,慕軒飯店 Gustoso義大利餐廳,A-154180182-00000-7,臺北市大安區敦化南路1段331號2樓,優
63000040,丹迪旅店-台北天津,A-111087209-00000-6,臺北市中山區中山北路1段135巷13號,優
63000030,柯達大飯店-台北敦南,A-153362678-00000-8,臺北市大安區敦化南路2段238號,優
63000040,柯達大飯店-台北天津,A-145076709-00000-6,臺北市中山區中山北路1段53巷22號,優
63000030,MUME(慕梅餐飲股份有限公司),A-124571253-00001-8,臺北市大安區四維路28號,優
63000040,柯達大飯店台北松江,A-153991965-00000-5,臺北市中山區松江路251號,優
63000040,柯達大飯店台北長安,A-145096677-00000-2,臺北市中山區松江路61之1號,優
63000040,Restaurant Page 頁小館,A-142849652-00000-8,臺北市中山區北安路595巷20弄4號1樓,優
63000030,The Tavernist,A-151231068-00001-5,臺北市大安區仁愛路4段27巷25號12樓,優
63000030,愛兒家產後護理,A-200117988-00000-3,臺北市大安區忠孝東路4段87號6樓,優
63000100,楊記蚌麵三總店,A-185125500-00001-5,臺北市內湖區成功路2段325號B1,優
63000100,老董牛肉麵-三總店,A-194050426-00004-2,臺北市內湖區成功路2段325號B1,優
63000100,明德素食園三總店,A-180443463-00001-1,臺北市內湖區成功路2段325號B1,優
63000100,好好吃大餛飩,A-152531845-00001-2,臺北市內湖區成功路2段325號B1,優
63000100,小南門三總店,A-124977367-00003-6,臺北市內湖區成功路2段325號B1,優
63000100,花蓮扁食-三總店,A-170837404-00029-2,臺北市內湖區成功路2段325號B1,優
63000020,撈王鍋物料理,A-151199200-00001-6,臺北市信義區松壽路12號9樓,優
63000020,刁民酸菜魚信義店,A-189135564-00001-0,臺北市信義區松壽路12號1樓、B1,優
63000020,L'ATELIER de Joël Robuchon 侯布雄法式餐廳,A-128832856-00001-1,臺北市信義區松仁路28號5樓,優
63000020,SALON DE THE de Joël Robuchon 侯布雄法式茶點沙龍,A-128832856-00002-2,臺北市信義區松仁路28號3樓,優
63000020,餵我早餐忠孝店,A-188088120-00001-4,臺北市信義區忠孝東路5段252號1樓,優
63000020,珠寶盒法式點心坊,A-153930567-00000-6,臺北市信義區莊敬路239巷1弄1號,優
63000030,吉天婦羅-台北SOGO忠孝店,A-116098275-00041-1,臺北市大安區忠孝東路4段45號11樓,優
63000030,乾杯-本店,A-170443909-00001-5,臺北市大安區敦化南路1段236巷17號,優
63000100,三軍總醫院營養部,A-400130525-00000-7,臺北市內湖區成功路2段325號,優
63000010,松山意舍酒店que原木燒烤餐廳,A-129073240-00006-1,臺北市松山區市民大道7段8號17樓,優
63000040,泰市場,A-104268726-00012-6,臺北市中山區植福路200號4樓,優
63000060,家樂福重慶店-即食熟食區 ,A-122662550-00352-6,臺北市大同區重慶北路2段171號,優
63000060,馬辣-中山店,A-100130577-00000-1,臺北市大同區南京西路22號B1,優
63000100,花蓮扁食-內湖2店,A-170837404-00016-8,臺北市內湖區舊宗路1段188號1樓,優
63000100,三商巧福-舊宗店,A-197301707-00120-5,臺北市內湖區舊宗路1段188號1樓,優
63000040,Taïrroir 態芮,A-183773207-00000-5,臺北市中山區樂群三路299號6樓,優
63000030,臺北市立聯合醫院-仁愛院區,A-400126705-00001-3,臺北市大安區仁愛路4段10號B1,優
63000060,爭鮮-重慶店,A-197286918-00032-3,臺北市大同區重慶北路2段171號,優
63000040,LadyM 晶華店,A-142868475-00004-6,臺北市中山區中山北路2段39巷3號,優
63000060,荖子鍋股份有限公司,A-200173624-00001-3,臺北市大同區重慶北路2段171號,優
63000060,城市商旅-南西館,A-127339770-00000-6,臺北市大同區南京西路169號,優
63000060,百八魚場,A-153112784-00044-7,臺北市大同區重慶北路2段171號,優
63000090,台北六福萬怡酒店-宴會廳,A-154397437-00004-4,臺北市南港區忠孝東路7段359號9樓,優
63000090,台北六福萬怡酒店-粵亮廣式料理,A-154397437-00002-2,臺北市南港區忠孝東路7段359號8樓,優
63000090,台北六福萬怡酒店-敘日全日餐廳,A-154397437-00001-1,臺北市南港區忠孝東路7段359號7樓,優
63000030,游壽司-金華店,A-110379360-00001-8,臺北市大安區金華街201號,優
63000010,洋洋肉骨茶-松山機場,A-183048655-00010-8,臺北市松山區敦化北路340之10號2樓,優
63000010,占元府-松山機場,A-183008366-00007-9,臺北市松山區敦化北路340之10號2樓,優
63000010,知己知米私府餐盒/李鴻記餐盒公司,A-194212772-00001-3,臺北市松山區光復北路85巷13號1樓,優
63000010,阿福號三明治專門店,A-172979694-00000-1,臺北市松山區光復北路85巷13號1樓,優
63000010,環亞機場貴賓室-台灣松山國際機場,A-142617610-00004-9,臺北市松山區敦化北路340之9號3樓,優
63000080,壹品香扁食-台北市立萬芳醫院,A-190644685-00004-4,臺北市文山區興隆路3段111號B1,優
63000080,總會有機會Club 25,A-154677325-00001-8,臺北市文山區興隆路3段111號B1,優
63000050,龍凰號-微風台大醫院店,A-191944751-00002-0,臺北市中正區中山南路7號B1,優
63000070,明水然樂-台北西門營業所,A-183053426-00099-7,臺北市萬華區中華路1段88號4樓,優
63000070,狂一鍋-台北西門店,A-183053426-00097-5,臺北市萬華區中華路1段88號4樓,優
63000090,樂雅樂餐廳-生技店,A-123932737-00068-8,臺北市南港區忠孝東路7段508號2樓,優
63000090,麥當勞-南港車站,A-112411160-01817-1,臺北市南港區忠孝東路7段359號1樓B0601,優
63000090,總理的定食,A-202298106-00001-8,臺北市南港區研究院路3段245號,優
63000020,田原香-寶麗廣塲,A-154382758-00027-9,臺北市信義區松仁路28號B2,優
63000020,Diamond Tony's 隨意鳥地方,A-123996788-00001-1,臺北市信義區信義路5段7號85樓,優
63000020,台北艾麗酒店-The terrace,A-153098740-00003-7,臺北市信義區松高路18號6樓,優
63000070,八方悅鍋物(萬華長泰店),A-200203626-00001-9,臺北市萬華區長泰街77號,優
63000030,青花驕-台北光復店,A-184630426-00452-2,臺北市大安區光復南路100號1樓,優
63000050,小樂木桶燒-微風台北車站,A-195433528-00001-8,臺北市中正區北平西路3號2樓,優
63000050,本村炸雞-微風台北車站,A-124763442-00011-2,臺北市中正區北平西路3號2樓,優
63000050,花火禾茶-微風台北車站店,A-195117803-00001-3,臺北市中正區北平西路3號1樓,優
63000050,頂呱呱-微風台北車站,A-130862692-00022-8,臺北市中正區北平西路3號1樓,優
63000050,關北紅豆餅-微風台北車站店,A-124375652-00132-8,臺北市中正區北平西路3號1樓,優
63000040,台灣壽司郎-台北民權建國店,A-152929520-00005-7,臺北市中山區民權東路3段2號1樓,優
63000040,米哥烘焙坊-雙連門市,A-189455989-00000-5,臺北市中山區民生西路23號,優
63000040,青花驕台北中山北店,A-184630426-00352-1,臺北市中山區中山北路1段137號、139號1-4樓,優
63000050,Krispy Kreme-台北站前店,A-154055473-00003-4,臺北市中正區忠孝西路1段49號B1,優
63000050,占元府-新光三越站前店,A-183008366-00004-6,臺北市中正區忠孝西路1段66號B1,優
63000050,台灣壽司郎-台北館前店,A-152929520-00001-3,臺北市中正區館前路8號2樓,優
63000050,築間-台北南門店,A-183293333-00192-4,臺北市中正區羅斯福路1段13號2樓,優
63000050,BONGOUSSE-微風台大醫院店,A-150876104-00010-0,臺北市中正區中山南路7號B1,優
63000050,本粥-微風台大醫院店,A-182998050-00003-2,臺北市中正區中山南路7號B1,優
63000050,非越即泰-微風台大醫院店,A-154837370-00008-3,臺北市中正區中山南路7號B1,優
63000110,雲朵列車,A-202295314-00000-5,臺北市士林區承德路5段55號,優
63000020,真珠微風南山店,A-179955280-00254-4,臺北市信義區松智路17號5樓,優
63000020,米哥烘焙坊-松山門市,A-189455989-00047-6,臺北市信義區松山路11號,優
63000080,米哥烘焙坊-景美門市,A-113825420-00007-0,臺北市文山區木新路3段327號,優
63000080,火鍋世家-木柵木新店,A-200052425-00000-7,臺北市文山區木新路3段58號,優
63000030,復興實驗高中廚房 (味安餐飲),A-193761975-00001-6,臺北市大安區敦化南路1段262號,優
63000030,老先覺-台北公館,A-172995913-00001-4,臺北市大安區羅斯福路3段283巷18號,優
63000050,台灣壽司郎-台北公館店,A-152929520-00017-0,臺北市中正區羅斯福路4段68號2樓,優
63000080,錢都日式涮涮鍋-木柵木新店,A-188380862-00001-2,臺北市文山區木新路3段60號,優
63000030,鬍鬚張-台北安居店,A-122721208-00171-1,臺北市大安區安居街48號1樓,優
63000020,鬍鬚張-京簡康台北吳興店,A-122721208-00170-0,臺北市信義區吳興街26號1樓,優
63000040,包子商行-實踐大學店,A-195134113-00001-6,臺北市中山區大直街70號,優
63000040,炒香-實踐大學店,A-202297999-00001-7,臺北市中山區大直街70號,優
63000040,花現廚房-實踐大學店,A-179875054-00001-4,臺北市中山區大直街70號,優
63000040,渣等-實踐大學店,A-202289182-00001-2,臺北市中山區大直街70號,優
63000020,順成蛋糕-信義店,A-200000543-00001-2,臺北市信義區基隆路2段91號,優
63000120,湖山國民小學午餐廚房 (中原食品),A-122640634-00031-9,臺北市北投區湖底路11號,優
63000110,瓦非屋,A-154014987-00001-7,臺北市士林區承德路5段55號,優
63000110,小食光,A-202294452-00000-7,臺北市士林區承德路5段55號,優
63000030,龍泉居,A-200159382-00000-7,臺北市大安區龍泉街23號,優
63000080,火鍋世家-台北景華店,A-200052419-00000-0,臺北市文山區景華街98號1樓,優
63000020,馬可先生健康烘焙-忠孝店,A-128467554-00005-4,臺北市信義區忠孝東路5段259號,優
63000110,台北市私立衛理女子高級中學,A-129902909-00000-8,臺北市士林區至善路2段321號,優
63000100,凱旋酒店55餐廳,A-200171537-00001-4,臺北市內湖區江南街55號2樓,優
63000120,蘇杭-北護店,A-152209487-00006-1,臺北市北投區明德路365號,優
63000120,台灣壽司郎-台北石牌店,A-152929520-00047-3,臺北市北投區明德路365號,優
63000120,21Plus-石牌門市,A-189627033-00206-4,臺北市北投區明德路365號,優
63000120,小飯桌-振興醫院店,A-200223610-00015-9,臺北市北投區振興街45號,優
63000120,天天健康便當-振興醫院店,A-278967175-00002-1,臺北市北投區振興街45號,優
63000100,馬可先生健康烘焙-內湖店,A-189770993-00002-2,臺北市內湖區內湖路1段361號,優
63000100,好食多涮涮鍋-西湖店,A-202292662-00001-9,臺北市內湖區內湖路1段360巷2之1號2樓,優
63000100,Roger Café-康寧大學,A-200172661-00002-4,臺北市內湖區康寧路3段75巷137號小木屋,優
63000080,麵線歐爸-萬芳醫院店,A-154041773-00009-8,臺北市文山區修龍路3段111號B1,優
63000010,老先覺-台北光復南店,A-202288022-00001-4,臺北市松山區光復南路5號,優
63000020,米哥烘焙坊-大巨蛋門市,A-113825420-00009-2,臺北市信義區忠孝東路4段515號D棟,優
63000010,滷台味-微風南京,A-154553149-00075-6,臺北市松山區南京東路3段337號地下室2樓,優
63000010,這味泰泰-微風南京,A-124970174-00028-2,臺北市松山區南京東路3段337號地下室2樓,優
63000120,金鑽小吃店-八方悅鍋物-關渡捷運,A-200225408-00000-0,臺北市北投區大度路3段296巷36號,優
63000110,米哥烘焙坊-大東門市,A-189455989-00001-6,臺北市士林區大東路82之1號,優
63000020,台灣壽司郎-台北永春店,A-152929520-00013-6,臺北市信義區忠孝東路5段297之1號1樓,優
63000020,老井信義餐飲,A-193679624-00001-5,臺北市信義區松仁路101號B1,優
63000020,Krispy Kreme - 新光店A8,A-154055473-00045-0,臺北市信義區松高路12號B2,優
63000020,莫凡彼-微風松高店,A-127542696-00071-7,臺北市信義區松高路16號3樓,優
63000120,臺北市北投區清江國民小學(宏遠國際餐飲股份有限公司),A-125094980-00044-3,臺北市北投區公館路220號,優
63000010,八方悅鍋物-民生興安店,A-202304522-00000-7,臺北市松山區民生東路3段140巷13號,優
63000010,百變全球餐飲-光復店,A-100064794-00000-8,臺北市松山區光復北路8號1樓,優
63000110,Melis Sweetie,A-152660679-00005-4,臺北市士林區承德路5段55號,優
63000110,貓貓小站,A-200123471-00002-9,臺北市士林區承德路5段55號,優
63000110,大眼蝦,A-125669818-00001-4,臺北市士林區承德路5段55號,優
63000020,POPEYES-台北101店,A-189152079-00006-5,臺北市信義區市府路45號B1,優
63000110,拿坡里披薩炸雞士林店,A-197301707-00008-0,臺北市士林區文林路430號1樓,優
63000020,KAFE D-台北101店,A-150824845-00107-2,臺北市信義區信義路5段7號89樓,優
63000020,迷客夏-台北101店,A-128949151-00802-7,臺北市信義區信義路5段7號89樓,優
63000020,奎士咖啡-台北101店,A-183097938-00006-1,臺北市信義區市府路45號B1,優
63000020,美利港式茶檔公司-台北101店,A-193716120-00001-8,臺北市信義區市府路45號B1,優
63000110,REEDS士林店（嘉穗創意食品股份有限公司）,A-124535031-00013-5,臺北市士林區文林路340之1號,優
63000050,建國中學早餐部(連大莊企業有限公司),A-180529551-00026-1,臺北市中正區南海路56號,優
63000110,十盛-台北士林店,A-160686965-00000-4,臺北市士林區中正路235巷24號1樓,優
63000110,豚之家有限公司,A-152203842-00002-6,臺北市士林區中山北路5段523號1樓,優
63000110,堤諾義大利比薩 Tino's Pizza 士林中正門市,A-153913146-00022-4,臺北市士林區中正路209號1樓,優
63000110,小紅帽麵包,A-200145980-00003-9,臺北市士林區中正路235巷26號1樓,優
63000110,堤亞摩事業有限公司,A-124787090-00005-0,臺北市士林區中正路210之5號,優
63000110,Bar DAD,A-193591607-00001-9,臺北市士林區中山北路5段505巷24號1樓,優
63000110,2派克脆皮雞排,A-124357660-00193-4,臺北市士林區文林路404巷21號,優
63000110,士林9份芋圓,A-200002094-00001-5,臺北市士林區文林路493號1樓,優
63000110,Bremen不萊梅,A-142339102-00001-3,臺北市士林區文林路514之1號1、2樓,優
63000110,大塊牛排,A-200003469-00001-2,臺北市士林區文林路341號,優
63000110,小聚人複合式餐飲,A-200193995-00001-6,臺北市士林區文林路527號1樓,優
63000110,南美咖啡,A-112216960-00001-6,臺北市士林區文林路446號1樓,優
63000110,怡客咖啡股份有限公司,A-184501598-00197-5,臺北市士林區中正路231號,優
63000110,永和豆漿-文林店,A-176373459-00001-3,臺北市士林區文林路526號,優
63000110,歐品鄉廚餐坊,A-117762397-00001-1,臺北市士林區中正路235巷32號,優
63000110,得正,A-188303866-00001-1,臺北市士林區中正路235巷28號,優
63000110,老虎醬溫州大餛飩,A-200145026-00001-8,臺北市士林區中正路235巷30號,優
63000110,50嵐,A-200185420-00000-9,臺北市士林區中正路235巷38號,優
63000110,龜記茗品,A-166641441-00051-6,臺北市士林區中正路235巷40號,優
63000110,有小癮個人酸菜魚 士林中正店,A-193709866-00001-7,臺北市士林區中正路235巷41號,優
63000110,花香見咖啡烘焙工作室,A-200207705-00001-1,臺北市士林區中正路235巷57號,優
63000110,牛有廖,A-200118708-00001-5,臺北市士林區美德街16巷8號,優
63000110,有幸福咖啡,A-200127302-00001-5,臺北市士林區美德街21號1樓,優
63000110,第二人生咖啡館士林店,A-188308742-00001-9,臺北市士林區美德街74號1樓,優
63000080,臺北市政府社會局委託佳醫長照社團法人經營管理臺北市兆如老人安養護中心,A-193107323-00000-6,臺北市文山區政大二街129號,優
63000030,順成蛋糕-忠孝一店,A-122345859-00001-7,臺北市大安區敦化南路1段212號,優
63000020,初魚鮨 初魚鉄板料亭-臺北101店,A-190323071-00033-9,臺北市信義區市府路45號4樓,優
63000020,焦糖楓-永吉店,A-154199324-00001-6,臺北市信義區永吉路30巷120號,優
63000020,拿坡里披薩炸雞永吉店,A-197301707-00013-6,臺北市信義區永吉路343號1樓,優
63000020,興葉蚵仔煎-臺北101店,A-118408439-00001-6,臺北市信義區市府路45號B1,優
63000090,紅蕃茄醬早餐-南港高工,A-124399710-00069-8,臺北市南港區興中路29號,優
63000090,甜品美食屋-南港高工,A-124399710-00057-5,臺北市南港區興中路29號,優
63000090,第一餐盒股份有限公司,A-128673689-00025-4,臺北市南港區重陽路263巷8號2樓,優
63000080,靜心學校財團法人臺北市私立靜心高級中等學校(上林餐飲事業股份有限公司),A-116530835-00008-7,臺北市文山區興隆路2段46號B1,優
63000080,萬芳高中早餐部(連大莊企業有限公司),A-180529551-00018-2,臺北市文山區興隆路3段115巷1號,優
63000030,焦糖楓-通化店,A-154199324-00002-7,臺北市大安區通化街48號,優
63000050,焦糖楓-南機場店,A-193738399-00001-0,臺北市中正區中華路2段307巷15號,優
63000070,焦糖楓-西門店,A-154199324-00009-4,臺北市萬華區成都路46號,優
63000040,拿坡里披薩炸雞龍江店,A-197301707-00006-8   ,臺北市中山區龍江路303號,優
63000110,小胖擼串士林店,A-202283189-00001-3,臺北市士林區中山北路5段505巷23號,優
63000110,萃茶風,A-154162662-00002-2,臺北市士林區承德路5段55號,優
63000040,家傳膳食有限公司,F-166415108-00000-4,臺北市中山區樂群三路56號5樓,優
63000040,中山女高熟食部,A-154325075-00002-1,臺北市中山區長安東路2段141號,優
63000040,拿坡里披薩炸雞松江店,A-197301707-00575-9,臺北市中山區松江路42號,優
63000040,大同高中早餐部（連大莊企業有限公司）,A-180529551-00017-1,臺北市中山區長春路167號,優
63000010,但馬家涮涮鍋,A-128202098-00013-3,臺北市松山區敦化北路166號3樓,優
63000040,JR東日本大飯店臺北-Platform,A-183530737-00005-9,臺北市中山區南京東路3段133號1樓,優
63000040,JR東日本大飯店臺北-The Bar,A-183530737-00009-3,臺北市中山區南京東路3段133號3樓,優
63000040,火鍋世家（民生ㄧ店）,A-188143165-00001-5,臺北市中山區民生東路2段75號,優
63000040,米哥烘焙坊-農安門市,A-189455989-00002-7,臺北市中山區農安街12之6號,優
63000030,焦糖楓-忠孝店,A-154199324-00010-6,臺北市大安區忠孝東路4段10號1樓,優
63000100,拿坡里披薩炸雞東湖店,A-197301707-00095-6,臺北市內湖區東湖路161號,優
63000100,國泰內湖產後護理之家,A-200254162-00001-0,臺北市內湖區瑞光路337號C棟13樓,優
63000100,一条通-舊宗門市,A-155019806-00004-6,臺北市內湖區舊宗路1段128號1樓,優
63000030,小李米粉湯,A-200223008-00001-5,臺北市大安區師大路39巷17號,優
63000030,騎士碁,A-179827407-00001-3,臺北市大安區師大路49巷10號1樓,優
63000030,阿諾可麗餅,A-200229240-00001-9,臺北市大安區師大路39巷1號1樓,優
63000020,統鮮美食駐外三興國小廚房,A-153691897-00043-3,臺北市信義區基隆路2段99號,優
63000040,排排沾 - 美麗華店,A-155858668-00007-6,臺北市中山區敬業三路22號B1,優
63000040,日春木瓜牛奶 - 美麗華,A-278958543-00005-3,臺北市中山區敬業三路22號B1,優
63000040,鴨覓 - 美麗華店,A-193526016-00001-1,臺北市中山區敬業三路22號5樓,優
63000100,壬甲健康饗食館(南湖高中學生餐廳),A-185166348-00001-0,臺北市內湖區康寧路3段220號,優
63000030,米哥烘焙坊-東門店,A-189455989-00024-1,臺北市大安區金山南路2段2號,優
63000030,上官木桶鍋(樂利店),A-202267464-00001-1,臺北市大安區樂利路52號,優
63000030,好食多涮涮鍋-大安店,A-202294206-00001-5,臺北市大安區大安路1段19巷8號1樓,優
63000080,Q Burger 文山光輝店,A-100212346-00001-7,臺北市文山區木柵路1段270、274號1樓,優
63000060,米哥烘焙坊-社子門市,A-189455989-00028-5,臺北市大同區延平北路6段57號,優
63000080,景美熱食部(連大莊企業有限公司),A-180529551-00025-0,臺北市文山區木新路3段312號,優
63000030,大台北平價滷味,A-200136499-00001-2,臺北市大安區龍泉街54號前,優
63000080,景美早餐部(連大莊企業有限公司),A-180529551-00029-4,臺北市文山區木新路3段312號,優
63000110,士林家人涼麵,A-202270750-00001-3,臺北市士林區文林路404巷21號1樓,優
63000110,TWOS早午餐Brunch Cafe專賣店,A-200154448-00001-6,臺北市士林區中正路235巷21號,優
63000110,貳貳参商號,A-200197624-00002-0,臺北市士林區中正路223巷11號,優
63000110,靜心健康素食坊,A-200016076-00001-0,臺北市士林區美德街26號,優
63000090,Krispy Kreme-南港環球,A-154055473-00049-4,臺北市南港區忠孝東路7段371號B1,優
63000090,石研室爆炒石頭火鍋-南港中信店,A-124356965-00005-3,臺北市南港區經貿二路186號C棟3樓,優
63000090,青花驕台北南港車站店,A-184630426-00575-8,臺北市南港區忠孝東路7段299號9樓,優
63000090,火鍋世家(南港興中店),A-125583930-00001-4,臺北市南港區興中路12巷25號1樓,優
63000010,第一餐盒股份有限公司 (健康國小群組),A-128673689-00020-9,臺北市松山區三民路43巷1號,優
63000030,鮨中澤,A-160725812-00001-0,臺北市大安區仁愛路4段452巷6號1樓,優
63000040,八色MiNi - 美麗華,A-155858668-00003-2,臺北市中山區敬業三路20號B1,優
63000110,黑豆坊咖啡,A-200195295-00001-1,臺北市士林區中山北路5段527號1樓,優
63000110,雅力根坊,A-200045730-00003-1,臺北市士林區中山北路5段511號,優
63000110,米太丰手作飯糰-士林店,A-200250141-00001-3,臺北市士林區中正路235巷22號,優
63000110,Banana  Bleu-士林店,A-190146478-00003-0,臺北市士林區中正路182號,優
63000110,松屋-士林中正店,A-155841908-00017-6,臺北市士林區中正路208號,優
63000110,UG-士林捷運店,A-180676602-00082-3,臺北市士林區中正路235巷22號,優
63000110,隱咖哩,A-200156428-00001-6,臺北市士林區中山北路5段505巷1號,優
63000050,上官木桶鍋(中正店),A-190223214-00001-2,臺北市中正區南昌路1段97號1樓,優
63000110,熊吞炭火日式燒肉丼飯,A-200150525-00001-8,臺北市士林區福壽街37號,優
63000060,馬可先生-重慶門市,A-128205601-00001-3,臺北市大同區重慶北路3段298號,優
63000070,拿坡里披薩炸雞西園店,A-197301707-00033-8,臺北市萬華區西園路2段244號,優
63000090,第一餐盒股份有限公司 (玉成國小群組),A-128673689-00003-0,臺北市南港區昆陽街9號旁巷子內,優
63000050,建中熱食部(連大莊企業有限公司),A-180529551-00024-9,臺北市中正區南海路56號,優
63000020,12MINI快煮鍋-統一時代店,A-161210008-00167-0,臺北市信義區忠孝東路5段8號B2,優
63000020,COMEME-統一時代店,A-183121228-00013-9,臺北市信義區忠孝東路5段8號B2,優
63000020,龜記-統一時代店,A-166641441-00139-3,臺北市信義區忠孝東路5段8號B2,優
63000020,魚君-統一時代店,A-152881785-00009-1,臺北市信義區忠孝東路5段8號B2,優
63000020,麵屋一燈-統一時代店,A-183589309-00023-8,臺北市信義區忠孝東路5段8號B2,優
63000010,周氏蝦捲-松山機場,A-153132395-00073-9,臺北市松山區敦化北路340之9號,優
63000060,薩莉亞-重慶家樂福店,A-128854801-00019-4,臺北市大同區重慶北路2段171號,優
63000060,丸龜-重慶家樂福店,A-153919541-00043-2,臺北市大同區重慶北路2段171號,優
63000060,三商巧福-重慶店,A-197301707-00356-6,臺北市大同區重慶北路2段171號,優
63000060,台北互舍酒店｜HUs Restaurant互餐廳,A-190364826-00000-6,臺北市大同區重慶北路2段172號2樓,優
63000120,八方悅鍋物(石牌立農店),A-188206554-00001-7,臺北市北投區立農街2段295號1樓,優
63000110,爭厚厚切牛排-士林店,A-200192586-00000-0,臺北市士林區中山北路5段547號,優
63000110,荷麵亭-士林店,A-200193451-00001-3,臺北市士林區中山北路5段505巷42弄2號,優
63000110,巧克力雲莊-士林店,A-124498520-00003-5,臺北市士林區中山北路5段505巷32號1樓,優
63000110,聚鍋士林中正店,A-184630426-00521-9,臺北市士林區中正路179號,優
63000110,TAKEAWAY COFFEE,A-200136699-00001-4,臺北市士林區中正路213巷2之1號,優
63000110,順成蛋糕-士林店,A-200000543-00005-6,臺北市士林區中正路230號,優
63000110,順成蛋糕-忠誠店,A-200000543-00002-3,臺北市士林區忠誠路2段142號1樓,優
63000120,八方悅鍋物(北投永興店),A-200225093-00000-0,臺北市北投區永興路1段54號,優
63000120,統鮮美食駐外北投國小廚房,A-153691897-00044-4,臺北市北投區中央北路1段73號,優
63000110,Q Burger 士林福港店,A-196668656-00001-1,臺北市士林區福港街292號,優
63000020,默爾 pasta pizza-統一時代店,A-142680303-00018-3,臺北市信義區忠孝東路5段8號7樓,優
63000110,燒肉LIKE-天母SOGO,A-153769515-00017-7,臺北市士林區中山北路6段77號6樓,優
63000110,四代目菊川-天母SOGO,A-153352952-00055-2,臺北市士林區中山北路6段77號8樓,優
63000120,台北北投雅樂軒酒店,A-143902562-00001-0,臺北市北投區大業路300巷1號,優
63000120,拿坡里披薩炸雞天母店,A-197301707-00002-4,臺北市北投區天母西路109號,優
63000030,響ART-師大店,A-150861952-00001-5,臺北市大安區師大路49巷2號,優
63000030,葵燒,A-128683223-00001-3,臺北市大安區師大路49巷12號1樓,優
63000030,鴨香煲小吃店,A-202292962-00001-2,臺北市大安區師大路49巷13號,優
63000030,燈籠滷味,A-200148415-00001-3,臺北市大安區師大路43號,優
63000030,燈籠滷味創始店,A-200137516-00001-3,臺北市大安區師大路49巷9號,優
63000030,雲鼎阿二麻辣食堂-師大店,A-190265733-00001-4,臺北市大安區師大路55號,優
63000030,迷客夏台北師大店,A-128949151-00319-0,臺北市大安區師大路45之2號,優
63000110,凹屋珈琲,A-278960078-00001-5,臺北市士林區中山北路5段505巷18號,良
63000110,小劉排骨便當專賣店,A-200197106-00001-4,臺北市士林區文林路532號,優
63000110,咖啡弄,A-125573692-00001-8,臺北市士林區中正路253號2樓,優
63000110,永和豆漿大王,A-113853868-00001-1,臺北市士林區中正路215號,優
63000020,うなぎ四代目菊かわ- 微風信義百貨店,A-153352952-00054-1,臺北市信義區忠孝東路5段68號4樓,優
63000020,東門御園坊-統一時代店,A-200173844-00003-9,臺北市信義區忠孝東路5段8號B2,優
63000020,蔬坊-統一時代店,A-161884947-00035-3,臺北市信義區忠孝東路5段8號B2,優
63000100,巫佬包子,A-202305493-00000-5,臺北市內湖區成功路2段325號B1,優
63000100,星巴克新內湖三總店,A-116097091-02722-4,臺北市內湖區成功路2段325號B1,優
63000100,好蔬上三總店,A-123309091-00095-9,臺北市內湖區成功路2段325號,優
63000100,潮膳堂-三總店,A-123309091-00106-2,臺北市內湖區成功路2段325號B1,優
63000030,de nuit,A-182884887-00000-1,臺北市大安區信義路4段175號,優
63000110,士林水煎包店(老蔡水煎包),A-200137176-00001-5,臺北市士林區中正路235巷18號1樓,優
63000110,騰暉美食坊(傳統美食),A-200150646-00001-2,臺北市士林區中正路235巷3號,優
63000110,貝斯特早餐店,A-200159304-00001-2,臺北市士林區中正路235巷4號,優
63000110,花嶼輕食館,A-202308141-00001-9,臺北市士林區中正路235巷9號1樓,優
63000110,一条通壽司,A-182898257-00001-8,臺北市士林區文林路434號,優
63000110,川鋪子28號,A-200192969-00001-6,臺北市士林區美德街28號,優
63000110,創義麵士林店,A-124743925-00003-7,臺北市士林區美德街32號2樓,優
63000110,鉄鍋門,A-138581512-00001-2,臺北市士林區美德街34之1號,優
63000110,泰揚雲泰主題餐廳,A-200027407-00001-0,臺北市士林區美德街84號1樓,優
63000110,流浪觀點義式餐坊,A-200232860-00001-1,臺北市士林區福壽街13號1樓,優
63000110,Modism Café 摩德年代,A-182854883-00001-5,臺北市士林區中正路235巷29號,優
63000030,Écru法式餐廳,A-183030043-00000-9,臺北市大安區敦化南路1段177巷19號,優
63000070,炸雞大獅-桂林家樂福店,A-142591908-00069-1,臺北市萬華區桂林路1號,優
63000070,BOBO TEA-桂林家樂福店,A-194139668-00002-6,臺北市萬華區桂林路1號,優
63000070,麻膳堂-桂林家樂福店,A-125105092-00007-9,臺北市萬華區桂林路1號,優
63000070,花月嵐-桂林家樂福店,A-190837085-00001-9,臺北市萬華區桂林路1號,優
63000070,洋城義大利餐廳-桂林家樂福店,A-155777259-00004-9,臺北市萬華區桂林路1號4樓,優
63000070,丸龜製麵-桂林家樂福店,A-153919541-00046-5,臺北市萬華區桂林路1號4樓,優
63000070,品田牧場-桂林家樂福店,A-184630426-00579-2,臺北市萬華區桂林路1號4樓,優
63000070,和民-桂林家樂福店,A-127725371-00040-6,臺北市萬華區桂林路1號4樓,優
63000030,華強小吃店,A-200148328-00001-6,臺北市大安區雲和街2號,優
63000110,陽光士林珮柏旅館,A-112971037-00000-8,臺北市士林區福德路48巷6號1樓,優
63000100,老蔡水煎包-三總,A-278958575-00007-0,臺北市內湖區成功路2段325號B1,優
63000100,安心購三總,A-123309091-00105-1,臺北市內湖區成功路2段325號,優
63000100,朱記餡餅粥-內湖三總店,A-153095716-00066-6,臺北市內湖區成功路2段325號B1,優
63000100,中一排骨三總門市,A-123309091-00097-1,臺北市內湖區成功路2段325號B1,優
63000100,吉福雞舖三總店,A-123309091-00096-0,臺北市內湖區成功路2段325號B1,優
63000100,茶與布朗,A-100023751-00001-7,臺北市內湖區成功路2段325號B1,優
63000100,金洲韓式料理,A-154737463-00023-2,臺北市內湖區成功路2段325號B1,優
63000100,漢堡王內湖三總店,A-123309178-00320-6,臺北市內湖區成功路2段325號B1,優
63000100,岩島成專業烘焙三總門市,A-116796172-00029-8,臺北市內湖區成功路2段325號B1,優
63000100,每力果三總店,A-112743858-00002-8,臺北市內湖區成功路2段325號B1,優
63000010,拿坡里披薩炸雞八德店,A-197301707-00005-7,臺北市松山區八德路3段112號,優
63000010,阿樹國際旅店-阿樹私房菜,A-152632978-00000-0,臺北市松山區八德路3段76號4樓,優
63000010,柯達大飯店-台北南京,A-193758964-00000-9,臺北市松山區南京東路3段333號,優
63000020,大戶屋-微風新南山店,A-153089762-00102-1,臺北市信義區松智路17號B2,優
63000020,伊茲密爾土耳其廚房,A-191077837-00000-0,臺北市信義區基隆路1段147巷14號1樓,優
63000010,Q Burger松山南京五店,A-100056611-00001-8,臺北市松山區南京東路5段250巷18弄2之1號,優
63000030,ZEA,A-190502139-00000-7,臺北市大安區仁愛路4段300巷20弄5號,優
63000040,順成蛋糕-雙連店,A-200000543-00003-4,臺北市中山區民生西路60號,優
63000020,顓陽實業有限公司-浩然敬老院,A-128192021-00006-9,臺北市信義區大道路116號2樓之2,優
63000020,廣慈社區長照機構,A-202304113-00000-3,臺北市信義區大道路116號4樓之3,優
63000030,拿坡里披薩炸雞和平店,A-197301707-00020-4,臺北市大安區和平東路2段95之1號,優
63000020,信義廣慈住宿長照機構(委託市立聯醫忠孝院區經營管理),A-202304343-00000-8,臺北市信義區大道路116號3-5樓,優
63000040,鳥貴族新光三越台北南西店,A-196809282-00002-4,臺北市中山區南京東路12號5樓,優
63000030,古早人茶坊,A-200232014-00001-2,臺北市大安區龍泉街38號,優
63000030,早安早餐店,A-299999627-00001-0,臺北市大安區龍泉街55號,優
63000030,一品香魚丸店,A-200192516-00001-4,臺北市大安區龍泉街130號,優
63000030,正宗麗江雲南麵食館,A-200147937-00001-1,臺北市大安區雲和街51號,優
63000030,木町小吃店,A-199640817-00001-3,臺北市大安區龍泉街50號,優
63000030,林園粗食小吃店,A-200147900-00001-1,臺北市大安區龍泉街25號,優
63000030,佳輝小吃店(洋芋屋),A-200147827-00001-9,臺北市大安區雲和街93號1樓,優
63000030,珍品味泰式小吃,A-200212645-00001-0,臺北市大安區龍泉街31號,優
63000030,石窯風餐坊,A-125662152-00001-8,臺北市大安區師大路105巷8號,優
63000030,伊洛瓦底小吃店,A-200184551-00001-4,臺北市大安區龍泉街76號,優
63000030,飯館兒韓味快餐店,A-200229423-00001-2,臺北市大安區龍泉街55號,優
63000110,家福股份有限公司-台北天母分公司,A-122662550-00056-7,臺北市士林區德行西路47號,優
63000110,爭鮮(股)公司-天母家樂福店,A-197286918-00004-2,臺北市士林區德行西路47號,優
63000110,三商餐飲(股)公司-天母店,A-197301707-00107-0,臺北市士林區德行西路47號2樓,優
63000010,台灣家樂福(股)-三民分公司即時熟食區,A-122662550-00111-9,臺北市松山區三民路160號,優
63000010,漢堡王(股)公司-八德分公司,A-123309178-00007-8,臺北市松山區八德路2段449號,優
63000010,漢堡王(股)公司-松山門市,A-123309178-00072-0,臺北市松山區市民大道6段133號1樓,優
63000110,太子油飯股份有限公司-士林廠,A-189590970-00001-6,臺北市士林區前港街23號1樓,優
63000040,這味泰泰-新光三越南西分店,A-124970174-00007-9,臺北市中山區南京西路15號B1,優
63000040,Haagen Dazs南西店,A-186384960-00003-5,臺北市中山區南京西路12號B2,優
63000020,再來咖啡-松菸店,A-182891873-00001-5,臺北市信義區菸廠路88號2樓,優
63000020,明吉-松菸店,A-142613895-00001-7,臺北市信義區菸廠路88號B1,優
63000020,ENOTECA-信義新天地A9店,A-152711065-00001-6,臺北市信義區松壽路9號3樓,優
63000020,wild wood 晧喜股份有限公司,A-152705325-00001-8,臺北市信義區松壽路9號4樓,優
63000020,春水堂-信義新天地A9 ,A-153599907-00001-6,臺北市信義區松壽路9號B1,優
63000110,溫野菜-天母高島屋,A-113134072-00026-7,臺北市士林區忠誠路2段55號12樓,優
63000110,葡吉-天母高島屋店,A-104389073-00036-1,臺北市士林區忠誠路2段55號B1,優
63000110,新葡苑-台北大葉店 (蔥月股份有限公司),A-127717442-00004-6,臺北市士林區忠誠路2段55號5樓,優
63000110,藏王極上鍋物-天母高島屋店,A-142761924-00004-7,臺北市士林區忠誠路2段55號3樓,優
63000110,港苑,A-127717442-00008-0,臺北市士林區忠誠路2段55號B1,優
63000110,牛角buffet-天母高島屋,A-113134072-00025-6,臺北市士林區忠誠路2段55號12樓,優
63000110,Chilis-天母店,A-170817462-00004-7,臺北市士林區忠誠路2段55號2樓,優
63000110,上海鄉村-天母別館,A-146422101-00005-3,臺北市士林區忠誠路2段55號5樓,優
63000110,興蓬萊台菜餐廳-天母高島屋店,A-180690301-00001-6,臺北市士林區忠誠路2段55號12樓,優
63000110,莫凡彼-台北天母店,A-127542696-00045-8,臺北市士林區忠誠路2段55號3樓,優
63000110,台灣壽司郎-天母高島屋店,A-152929520-00027-1,臺北市士林區忠誠路2段55號2樓,優
63000110,小樽手作珈琲-天母高島屋店,A-186948980-00003-3,臺北市士林區忠誠路2段55號1樓,優
63000110,IKIGAI-天母高島屋店,A-153089762-00084-0,臺北市士林區忠誠路2段55號B1,優
63000110,岩島成-天母高島屋店,A-116796172-00017-5,臺北市士林區忠誠路2段55號B1,優
63000110,朱記餡餅粥-大葉高島屋店,A-153095716-00042-0,臺北市士林區忠誠路2段55號B1,優
63000110,KEY COFFEE-天母高島屋店,A-122175159-00001-1,臺北市士林區忠誠路2段55號B1,優
63000110,廣田洋菓子-天母高島屋店,A-122662860-00010-1,臺北市士林區忠誠路2段55號B1,優
63000110,糖朝-天母高島屋店,A-154589961-00001-6,臺北市士林區忠誠路2段55號12樓,優
63000010,聚寶餐廳,A-128202098-00006-5,臺北市松山區敦化北路158號B3,優
63000010,台北文華東方酒店-宴會廳,A-128202098-00008-7,臺北市松山區敦化北路158號,優
63000010,雅閣 YA GE,A-128202098-00004-3,臺北市松山區敦化北路158號3樓,優
63000010,Café Un Deux Trois,A-128202098-00003-2,臺北市松山區敦化北路158號5樓,優
63000010,Bencotto,A-128202098-00005-4,臺北市松山區敦化北路158號6樓,優
63000100,皇廚一品牛排,A-142491400-00001-3,臺北市內湖區舊宗路1段188號1樓,優
63000100,大潤發-南湖店即食熟食區,A-180030723-00000-1,臺北市內湖區舊宗路1段188號,優
63000100,御宴和風鐵板燒,A-202271892-00001-1,臺北市內湖區舊宗路1段188號1樓,優
63000100,品川蘭-內湖店,A-197301707-00266-6,臺北市內湖區舊宗路1段188號1樓,優
63000100,龍都酒樓-內湖店,A-197556623-00002-3,臺北市內湖區舊宗路1段58號,優
63000100,爭鮮迴轉壽司-內湖二大潤發店,A-197286918-00016-5,臺北市內湖區舊宗路1段188號1樓,優
63000040,維多麗亞酒店大宴會廳,A-116713911-00001-8,臺北市中山區敬業四路168號1樓,優
63000040,維多麗亞酒店168牛排館,A-116713911-00002-9,臺北市中山區敬業四路168號4樓,優
63000040,維多麗亞酒店雙囍中餐廳,A-116713911-00003-0,臺北市中山區敬業四路168號2樓,優
63000040,維多麗亞酒店La Festa義大利餐廳,A-116713911-00004-1,臺北市中山區敬業四路168號2樓,優
63000040,維多麗亞酒店維多麗亞宴會廳,A-116713911-00005-2,臺北市中山區敬業四路168號3樓,優
63000030,Chez Swann by Jumi Tavern,A-182827198-00001-4,臺北市大安區金華街223之2號,優
63000120,廣和坐月子生技股份有限公司,A-180299262-00001-7,臺北市北投區立功街122號,優
63000120,醫療財團法人辜公亮基金會和信治癌中心醫院,A-101053601-00001-5,臺北市北投區立德路125號B2,優
63000120,家樂福北投店-即食熟食區,A-122662550-00125-4,臺北市北投區中和街366號B1,優
63000120,北投南豐天玥泉會館-天響食坊,A-153357577-00001-1,臺北市北投區中山路3號2樓,優
63000120,三二行館 Villa32,A-112933512-00000-4,臺北市北投區中山路32號,優
63000080,阿泔麵店,A-278964225-00000-2,臺北市文山區景隆街3號,優
63000080,孫東寶-文山景文店,A-189496779-00157-0,臺北市文山區景文街23號,優
63000080,梁社漢排骨-羅斯福店,A-202268345-00001-0,臺北市文山區羅斯福路6段26號,優
63000080,清心福全-景文店,A-180582719-00520-5,臺北市文山區景文街129號,優
63000080,清原芋圓-台北景華店,A-202256702-00000-3,臺北市文山區景華街67號,優
63000080,嬌嬌咖啡,A-200194425-00001-5,臺北市文山區景後街149巷3號,優
63000030,八方雲集-師大店,A-170472679-00114-6,臺北市大安區和平東路1段182之3號,優
63000030,甘泉魚麵-師大店,A-128030482-00012-8,臺北市大安區師大路59巷12號,良
63000110,漢堡王(股)公司-士林門市部,A-123309178-00179-8,臺北市士林區中正路332號,優
63000020,駱姐正雞酒-松菸店,A-170437940-00010-3,臺北市信義區菸廠路88號B1,優
63000040,金香豬腳涼麵,A-200096916-00001-1,臺北市中山區錦州街253號1樓,優
63000040,漾咖啡,A-109499839-00029-0,臺北市中山區中山北路2段92號1樓,優
63000040,笹鮨SASA,A-200124515-00001-8,臺北市中山區中山北路2段42巷6號1樓,優
63000040,伊通街筒仔米糕,A-200118016-00001-7,臺北市中山區伊通街114之1號,優
63000040,龍都酒樓-中山店,A-197556623-00001-2,臺北市中山區中山北路1段105巷18之1號,優
63000040,66巷鮮魚料理,A-202314917-00001-7,臺北市中山區伊通街66巷3之3號1樓,優
63000040,偉富麵館,A-200114497-00001-6,臺北市中山區伊通街135號,優
63000040,東石蚵仔小吃店,A-200252123-00001-5,臺北市中山區吉林路251號,良
63000040,竹家莊,A-184743224-00001-3,臺北市中山區南京東路2段96號,良
63000040,熊麻吉brunch,A-200078844-00001-1,臺北市中山區長春路186號,優
63000040,鳥喜,A-190222968-00001-7,臺北市中山區樂群2路199號2樓,優
63000040,教父牛排Danny's Steakhouse,A-153916517-00002-7,臺北市中山區樂群三路58號1樓,優
63000040,台北中山意舍酒店Buttermilk餐廳,A-129073240-00005-0,臺北市中山區中山北路2段57之1號,優
63000040,觀世音餐廳,A-112531469-00003-2,臺北市中山區民權東路2段29號1樓,優
63000040,美樂食餐飲-南京建國食堂,A-154651346-00007-9,臺北市中山區南京東路3段28號,優
63000040,煮海 (上引水產有限公司民族門市),A-153745541-00001-3,臺北市中山區民族東路410巷2弄20號2樓,優
63000040,享坐海鮮直烤,A-200225014-00001-4,臺北市中山區建國北路2段92號,優
63000040,莞固和食-台北大直店 (頑味國際餐飲股份有限公司),A-182773117-00003-7,臺北市中山區樂群三路39號1樓,優
63000040,邊田庄,A-124484981-00001-9,臺北市中山區松江路237號B1,良
63000040,海霸王旗艦店,A-184709204-00001-3,臺北市中山區中山北路3段59號1-2樓,良
63000040,Friday's-林森餐廳,A-123932928-00017-4,臺北市中山區林森北路247號,優
63000040,食彩櫻, A-278963825-00001-8,臺北市中山區松江路123巷8之1號1樓,良
63000040,小英北越河粉,A-200119090-00000-9,臺北市中山區四平街116號,優
63000040,威尼斯義大利餐廳,A-124460209-00001-6,臺北市中山區松江路235巷19號1樓,優
63000040,品火鍋,A-200108729-00001-7,臺北市中山區新生北路1段152號,優
63000040,TUTTO BELLO,A-189634359-00001-6,臺北市中山區雙城街25巷15號1樓,優
63000070,豪景大酒店-萊茵宴會廳,A-103134643-00004-6,臺北市萬華區環河南路1段77號12樓,優
63000070,豪景大酒店-星河中餐廳,A-103134643-00003-5,臺北市萬華區環河南路1段77號12樓,優
63000040,memo cafe(裕果有限公司),A-200225215-00001-7,臺北市中山區合江街182號1樓,優
63000070,華麗大飯店,A-115845251-00001-0,臺北市萬華區康定路41號,優
63000070,馬辣西門店,A-155760308-00001-3,臺北市萬華區西寧南路157號2樓,優
63000040,金獅取水,A-200118932-00001-4,臺北市中山區民生東路2段151號,良
63000040,八珍小吃,A-200112866-00001-4,臺北市中山區建國北路2段6巷19號,良
63000070,新馬辣漢中店,A-124335765-00002-5,臺北市萬華區漢中街52號6樓,優
63000120,輕鬆餐廳,A-124746351-00001-1,臺北市北投區中和街12號,良
63000120,路易莎咖啡有限公司-新北投直營門市,A-124693586-00295-7,臺北市北投區中和街22號,優
63000120,百八魚場-石牌店,A-153112784-00034-6,臺北市北投區石牌路2段90巷8號6號、8號1樓,良
63000120,惠蓀咖啡(陽明店),A-128582631-00014-8,臺北市北投區立農街2段155號,優
63000120,子女粥品海鮮手作坊,A-175944895-00001-0,臺北市北投區育仁路64號1樓,優
63000120,小木屋鬆餅 北投育仁店,A-188162113-00001-9,臺北市北投區育仁路75號,優
63000120,甜妞古早冰,A-200038197-00001-8,臺北市北投區新市街24巷12號,優
63000120,拾米屋咖哩,A-142633941-00001-1,臺北市北投區泉源路12號1樓,優
63000120,VIVACE 薇瓦義式餐酒館,A-188219571-00001-0,臺北市北投區光明路2巷9號,優
63000120,台G店 北投店,A-200138256-00001-5,臺北市北投區光明路132之3號,優
63000120,巧味漢堡,A-200080834-00001-3,臺北市北投區光明路110號,良
63000120,清心福全 北投光明店,A-180582719-00727-4,臺北市北投區光明路148號,優
63000120,comebuy 北投光明店,A-124483673-00125-3,臺北市北投區光明路115號,優
63000120,阿芳越南食,A-200202545-00001-8,臺北市北投區大同街176之1號1樓,優
63000120,良本崎日式麵包-新北投店,A-190265945-00001-9,臺北市北投區中和街39號1樓,優
63000120,頂呱呱-北投店,A-130862692-00005-9,臺北市北投區光明路218之2號,優
63000120,原誠炸彈蔥油餅,A-188154839-00001-5,臺北市北投區光明路218號1樓,優
63000120,貴婦滷味,A-200232147-00001-9,臺北市北投區光明路21號,良
63000110,百富通(尖牙意式廚房),A-127542696-00061-6,臺北市士林區忠誠路2段55號B1,優
63000110,COCO壹番屋-大葉高島屋,A-112665635-00024-8,臺北市士林區忠誠路2段55號B1,優
63000110,花蓮扁食-大葉高島屋,A-202316200-00001-4,臺北市士林區忠誠路2段55號B1,優
63000110,皇廚一品牛排-大葉高島屋,A-182046588-00005-4,臺北市士林區忠誠路2段55號B1,優
63000110,韓鶴亭-大葉高島屋,A-153717587-00001-2,臺北市士林區忠誠路2段55號B1,良
63000030,漢堡王-敦南店,A-123309178-00004-5,臺北市大安區敦化南路2段164號,優
63000030,香格里拉台北遠東國際大飯店-上海醉月樓,A-105104840-00003-3,臺北市大安區敦化南路2段201號,優
63000030,香格里拉台北遠東國際大飯店-ibuki日本料理餐廳,A-105104840-00005-5,臺北市大安區敦化南路2段201號,優
63000030,香格里拉台北遠東國際大飯店-宴會廳(香宮),A-105104840-00007-7,臺北市大安區敦化南路2段201號 ,優
63000040,明福台菜餐廳,A-200220403-00001-1,臺北市中山區中山北路2段137巷18號之1,優
63000040,旬採鮨処,A-153095510-00001-7,臺北市中山區中山北路2段50巷3號1樓,優
63000030,香格里拉台北遠東國際大飯店-遠東咖啡廳,A-105104840-00006-6,臺北市大安區敦化南路2段201號,優
63000030,香格里拉台北遠東國際大飯店-馬可波羅西餐廳,A-105104840-00004-4,臺北市大安區敦化南路2段201號 ,優
63000040,寒居酒店,A-151720404-00001-2,臺北市中山區松江路116號2樓,優
63000040,漢堡王-欣欣店,A-123309178-00187-7,臺北市中山區林森北路247號1樓,優
63000040,雞家莊,A-104430137-00001-1,臺北市中山區長春路55號,優
63000030,貓圖咖啡  CAT‧jpg,A-200047444-00002-4,臺北市大安區潮州街154號,優
63000050,Friday's古亭餐廳,A-123932928-00010-7,臺北市中正區羅斯福路2段60號,優
63000030,吉野家-古亭店,A-122662664-00046-2,臺北市大安區羅斯福路2段79號,優
63000050,香帥蛋糕,A-153226549-00013-8,臺北市中正區羅斯福路3段96號,優
63000050,饌玉豐麵食館,A-200080142-00001-5,臺北市中正區青島東路7之1號,優
63000030,小原田日式料理,A-183259095-00001-0,臺北市大安區永康街2巷1號1樓,優
63000050,大三元酒樓,A-103406356-00001-6,臺北市中正區衡陽路46號2樓,優
63000050,三來素食小吃店,A-198884130-00001-0,臺北市中正區武昌街23號1、2樓,優
63000050,UG-南陽,A-180676602-00001-4,臺北市中正區南陽街11號,優
63000050,可不可熟成紅茶 錦州店,A-193116646-00000-4,臺北市中正區錦州街335號,優
63000050,鈺善閣,A-116136290-00001-7,臺北市中正區北平東路14號1樓,優
63000030,七里亭,A-202315162-00001-0,臺北市大安區羅斯福路3段333巷8號1樓,優
63000050,清心福全-公館店 ,A-200217977-00001-3,臺北市中正區羅斯福路3段316巷1-6號,優
63000050,真北平餐廳,A-202266917-00001-3,臺北市中正區寧波東街1號1樓,優
63000050,老字號東門鴨莊 姚氏餐飲有限公司,A-200225471-00001-1,臺北市中正區南昌路1段40號1樓、2樓,優
63000050,彼得好咖啡 南門店,A-200154050-00001-5,臺北市中正區羅斯福路1段24號1至2樓,優
63000100,Journey Kaffe覺旅咖啡-陽光分公司,A-125105494-00002-0,臺北市內湖區陽光街321巷42號,優
63000100,Journey Kaffe覺旅咖啡-西湖分公司,A-125105494-00001-9,臺北市內湖區瑞光路583巷24號1樓,優
63000100,Marcus,A-200115005-00001-2,臺北市內湖區瑞光路583巷25號,優
63000100,貳樓-內湖西湖店,A-153743332-00001-9,臺北市內湖區內湖路1段300號,優
63000100,春水堂-台北西湖分公司,A-186330228-00005-5,臺北市內湖區瑞光路585號1樓,優
63000100,名廚燒臘店,A-125521864-00001-2,臺北市內湖區江南街121號,優
63000100,DELOIN德朗火鍋 行善店,A-153751114-00003-8,臺北市內湖區瑞光路210號,優
63000100,圓安宴餐廳,A-183083667-00001-0,臺北市內湖區成功路2段322號,優
63000100,定食8-康寧店,A-197286918-00154-8,臺北市內湖區康寧路3段72號1樓,優
63000100,三商巧福-內湖二店,A-197301707-00117-1,臺北市內湖區民善街88號,優
63000100,爭鮮 定時8-內湖家樂福店,A-197286918-00157-1,臺北市內湖區民善街88號,優
63000100,花蓮扁食-內湖家樂福店,A-170837404-00003-4,臺北市內湖區民善街88號,優
63000100,荖子鍋-內湖店,A-200173622-00001-1,臺北市內湖區民善街88號,優
63000100,家樂福內湖店-即時熟食區(二F),A-122662550-00042-2,臺北市內湖區民善街88號,優
63000040,美樂食餐飲-民生雙連食堂,A-154651346-00006-8,臺北市中山區民生西路28號,良
63000040,夏慕尼-台北中山北,A-184630426-00096-6,臺北市中山區中山北路2段44號B1,優
63000090,家樂福南港二店-即食熟食區,A-122662550-00339-1,臺北市南港區南港路2段146號B2,優
63000060,明德素食園-京站店,A-124215065-00002-5,臺北市大同區承德路1段1號B3,優
63000060,八番赤野-京站店,A-200000311-00016-1,臺北市大同區承德路1段1號B3,優
63000060,雪嶽山-京站店,A-153718045-00029-2,臺北市大同區承德路1段1號B3,優
63000060,功夫銷魂麵-京站店,A-150857845-00005-5 ,臺北市大同區承德路1段1號B3,優
63000060,海壽司-京站店,A-127542696-00066-1,臺北市大同區承德路1段1號B3,優
63000060,美威鮭魚-京站店,A-153945225-00013-7,臺北市大同區承德路1段1號B3,優
63000060,段純貞-京站店,A-142756204-00024-4,臺北市大同區承德路1段1號B3,優
63000060,和田涮涮鍋-京站店,A-142611263-00001-4,臺北市大同區承德路1段1號B3,優
63000020,Gubami Social 餐廳-新光三越A9,A-190615014-00001-5,臺北市信義區松壽路9號6樓,優
63000020,黑武士老火鍋-新光三越A9,A-190623886-00001-1,臺北市信義區松壽路9號6樓,優
63000100,爭鮮-內湖家樂福店,A-197286918-00018-7,臺北市內湖區民善街88號,優
63000060,21Plus-京站店,A-189627033-00019-6,臺北市大同區承德路1段1號B2,優
63000060,德州美墨炸雞-京站店,A-202266097-00001-2,臺北市大同區承德路1段1號B2,優
63000030,豐盛食堂,A-125552731-00001-9,臺北市大安區麗水街1之3號,優
63000030,八方雲集-師院店,A-170472679-00115-7,臺北市大安區和平東路2段311巷2之1號,優
63000030,Belém貝倫烘焙餐坊,A-174943096-00001-1,臺北市大安區和平東路2段118巷37號,優
63000030,古典玫瑰園-台北永康店,A-153951936-00027-8,臺北市大安區麗水街3之1號1樓,優
63000030,樂埔町,A-124774721-00001-3,臺北市大安區杭州南路2段67號,優
63000030,𩵚魠風味魚羹-和平店,A-200105010-00001-7,臺北市大安區和平東路2段355號1樓,優
63000030,江浙點心,A-200209569-00001-1,臺北市大安區麗水街4之1號,優
63000030,老郭川菜館,A-126371884-00001-8,臺北市大安區麗水街6號,優
63000030,吳留手串燒居酒屋,A-124747582-00001-8,臺北市大安區麗水街5之9號,優
63000040,呷哺呷哺火鍋-南西店,A-190060675-00001-2,臺北市中山區南京西路15號7樓,優
63000120,克弗爾手作烘焙(克弗爾實業有限公司),A-124950374-00002-4,臺北市北投區中央南路2段36號1樓,優
63000120,天母臭臭鍋,A-200166485-00001-0,臺北市北投區中正街24號,優
63000120,賢爸蔬食,A-200163505-00001-0,臺北市北投區中央南路1段25巷5號,優
63000120,北投越南傳統手工法國麵包,A-200243593-00001-6,臺北市北投區中央南路1段25巷15號1樓,優
63000120,陽光屋,A-200207608-00001-3,臺北市北投區中央南路1段25巷12號,良
63000120,陳記麻辣食堂,A-188296513-00001-1,臺北市北投區中央南路1段34號,良
63000120,迷客夏-台北北投店,A-128949151-00242-5,臺北市北投區中央南路1段1號,優
63000120,源士林粥品,A-202255860-00001-8,臺北市北投區中央北路1段118號,優
63000120,鍋董日式涮涮鍋-新北投旗艦店,A-142495216-00000-1,臺北市北投區大業路741號,優
63000120,雞腳張古早滷味專賣店,A-200192400-00000-5,臺北市北投區大業路739號1樓,優
63000090,丸龜製麵-環球南港店,A-153919541-00023-0,臺北市南港區忠孝東路7段371號B1,優
63000050,徐州路2號庭園會館,A-128077459-00001-1,臺北市中正區徐州路2號,優
63000050,費太太-台大西址店,A-122036848-00001-2,臺北市中正區常德街1號,優
63000080,財政部財政人員訓練所(沙山食品有限公司),A-116754898-00002-8,臺北市文山區羅斯福路6段142巷3號,優
63000040,和逸飯店．台北民生館,A-154180198-00001-5,臺北市中山區民生東路2段178號,良
63000120,路易莎咖啡有限公司-北投直營門市,A-124693586-00276-6,臺北市北投區光明路65號1樓,優
63000120,上全肉羹,A-200192179-00001-9,臺北市北投區光明路新生巷6號,優
63000120,早安勇士,A-278963760-00000-5,臺北市北投區育仁路147號,優
63000120,亞太飯店,A-128213882-00000-2,臺北市北投區幽雅路31號,優
63000120,曲水會館,A-129628044-00001-4,臺北市北投區溫泉路105號,優
63000120,滿客屋,A-138510926-00001-3,臺北市北投區溫泉路110號,優
63000120,心不懶喘息咖啡,A-200231609-00001-1,臺北市北投區育仁路89號,優
63000120,達美樂披薩北投光明店,A-185123524-00001-9,臺北市北投區光明路98號1樓,優
63000120,大碗麻辣鴨血臭豆腐,A-200150651-00001-8,臺北市北投區新市街59號,優
63000120,蔦燒日式居酒屋-北投店,A-185007546-00002-5,臺北市北投區溫泉路30巷24號,優
63000120,囍家炭烤三明治,A-202266886-00001-8,臺北市北投區光明路57號,優
63000030,奎士咖啡_SOGO忠孝館,A-183097938-00002-7,臺北市大安區忠孝東路4段45號B1,優
63000030,神樂家-SOGO忠孝館,A-155855732-00001-9,臺北市大安區忠孝東路4段45號11樓,優
63000030,聚北海道昆布鍋-SOGO忠孝店,A-184630426-00045-0,臺北市大安區忠孝東路4段45號11樓,優
63000030,漢來蔬食-SOGO忠孝館,A-124982729-00002-3,臺北市大安區忠孝東路4段45號11樓,優
63000030,三合院港式飲茶-SOGO忠孝館,A-180506038-00001-9,臺北市大安區忠孝東路4段45號11樓,優
63000030,NARA Thai Cuisine-SGOG忠孝館,A-127748310-00018-9,臺北市大安區忠孝東路4段45號11樓,優
63000030,莆田Putien-SOGO忠孝店,A-142672887-00009-1,臺北市大安區忠孝東路4段45號12樓,優
63000050,新東南海鮮餐廳,A-116787933-00000-2,臺北市中正區汀州路1段105號1樓,優
63000030,聖瑪莉東門店 ,A-109499839-00011-1,臺北市大安區信義路2段186號 ,優
63000050,欣豐自助餐-微風台大醫院店,A-127766956-00005-1,臺北市中正區中山南路7號B1,優
63000050,第一佳-微風台大醫院店,A-200246609-00001-7,臺北市中正區中山南路7號B1,優
63000050,一之軒-微風台大醫院店,A-122751743-00077-3,臺北市中正區中山南路7號B1,優
63000050,小南門-微風台大醫院店,A-128544068-00006-1,臺北市中正區中山南路7號B1,優
63000050,好好吃大餛飩-微風台大醫院店,A-152531845-00003-4,臺北市中正區中山南路7號B1,優
63000050,花蓮扁食-微風台大醫院店,A-170837404-00027-0,臺北市中正區中山南路7號B1,優
63000050,菓加 Fruit plus-微風台大醫院店,A-124465056-00053-8,臺北市中正區中山南路7號B1,優
63000050,21plus-微風台大醫院店,A-189627033-00207-5,臺北市中正區中山南路7號B1,優
63000050,Mister Donut-微風台大醫院店,A-127359304-00418-4,臺北市中正區中山南路7號B1,優
63000060,杏子日式豬排-京站店,A-142756204-00005-3,臺北市大同區承德路1段1號4樓,優
63000060,海底撈-京站店,A-158493538-00001-4,臺北市大同區承德路1段1號4樓,優
63000060,Häagen-Dazs-京站店,A-186384960-00032-7,臺北市大同區承德路1段1號1樓,優
63000050,樂田麵包-台大西址店,A-128427006-00091-7,臺北市中正區常德街1號B1,優
63000050,蓁小店-台大西址店,A-191698337-00001-5,臺北市中正區常德街1號B1,優
63000050,周董燒肉飯-台大西址店,A-148942677-00000-5,臺北市中正區常德街1號B1,優
63000050,路易莎咖啡-台大西址店,A-124693586-00341-9,臺北市中正區常德街1號,優
63000050,美樂家素食坊-台大西址店,A-142490140-00001-3,臺北市中正區常德街1號B1,優
63000020,添好運-CITYLINK松山店,A-154752668-00019-1,臺北市信義區松山路11號2樓,優
63000020,花月嵐拉麵-CITYLINK松山店,A-128704682-00008-3,臺北市信義區松山路11號2樓,優
63000020,秋風軒鍋物-CITYLINK松山店,A-183777647-00008-5,臺北市信義區松山路11號2樓,優
63000020,瓦城-ClTYLINK松山店,A-180176590-00003-7,臺北市信義區松山路11號2樓,優
63000020,丸亀製麵-CITYLINK松山店,A-153919541-00058-8,臺北市信義區松山路11號2樓,優
63000020,時時香-CITYLINK松山店,A-124707940-00006-7,臺北市信義區松山路11號2樓,優
63000010,台北馥敦-復北店,A-113082118-00001-3,臺北市松山區復興北路315號,優
63000020,潮品集-潮坊,A-200246756-00001-0,臺北市信義區松高路19號6樓,優
63000020,lady m遠百信義店,A-142868475-00009-1,臺北市信義區松仁路58號1樓,優
63000020,新馬辣信義遠百店,A-182954573-00001-2,臺北市信義區松仁路58號14樓,優
63000050,朱記餡餅粥-微風台大醫院店,A-153095716-00003-7,臺北市中正區中山南路7號B1,優
63000120,七月紫米本丸,A-200219658-00001-1,臺北市北投區光明路64號,優
63000050,寶源活力吧-台大西址店,A-113064147-00004-8,臺北市中正區常德街1號,優
63000050,雲嶺鮮雞-台大西址店,A-127412960-00006-5,臺北市中正區常德街1號,優
63000020,創義麵-CITYLINK松山店,A-154653702-00015-6,臺北市信義區松山路11號1樓,良
63000020,爭鮮迴轉壽司-CITYLINK松山店,A-197286918-00030-1,臺北市信義區松山路11號1樓,優
63000020,CoCo老番屋-CITYLINK松山店,A-112665635-00013-6,臺北市信義區松山路11號1樓,優
63000020,品田牧場-CITYLINK松山店,A-184630426-00487-0,臺北市信義區松山路11號1樓,優
63000020,Beard papa-CITYLINK松山店,A-180292991-00013-2,臺北市信義區松山路11號1樓,優
63000020,COCO都可-CITYLINK松山店,A-128402188-00026-9,臺北市信義區松山路11號1樓,優
63000020,MISTER DONUT-CITYLINK松山店,A-127359304-00334-1,臺北市信義區松山路11號1樓,優
63000020,CHAFFEE-CITYLINK松山店,A-118559415-00305-4,臺北市信義區松山路11號1樓,優
63000020,樂田-國父紀念館,A-128427006-00088-3,臺北市信義區忠孝東路4段302號,優
63000030,游壽司麗水店,A-126221730-00001-2,臺北市大安區麗水街7巷7號,優
63000030,Toh-a 桌藏,A-200131652-00001-8,臺北市大安區和平東路2段76巷23弄9號,優
63000120,臺北榮民總醫院營養部病患廚房,A-400190317-00000-2,臺北市北投區石牌路2段201號中正樓B1,優
63000120,臺北榮民總醫院員工餐廳,A-148978457-00001-1,臺北市北投區石牌路2段201號中正樓1樓,優
63000040,第一大飯店敘香園,A-150775041-00001-8,臺北市中山區南京東路2段63號3樓,良
63000040,木生婦幼診所,A-378964771-00001-0,臺北市中山區長安東路2段90號1-4樓,優
63000040,長榮桂冠酒店(台北),A-170809478-00001-2,臺北市中山區松江路63號,優
63000040,林家蔬菜羊肉爐,A-200057802-00001-2,臺北市中山區吉林路327號,優
63000040,費太太-馬偕醫院,A-122036848-00002-3,臺北市中山區中山北路2段92號,優
63000040,聖瑪莉馬偕店,A-109499839-00010-0,臺北市中山區中山北路2段92號1樓,優
63000040,蔬坊The Greenery,A-161884947-00003-8,臺北市中山區南京西路14號B1,優
63000040,李義男婦產科附設產後護理之家,A-278957813-00000-7,臺北市中山區中山北路2段71號5樓,優
63000040,新馬辣-中山店,A-152678039-00000-8,臺北市中山區南京東路1段2號2樓,優
63000040,天廚菜館,A-200073629-00001-7,臺北市中山區南京西路1號3樓,良
63000040,神旺商務酒店,A-128448826-00001-1,臺北市中山區南京東路1段128號,優
63000010,藍田產後護理之家,A-154180795-00000-7,臺北市松山區南京東路5段316號,優
63000010,漢堡王-南京三民店,A-123309178-00063-0,臺北市松山區南京東路5段82號,優
63000010,古味小吃店,"A-200131190-00001-5
",臺北市松山區北寧路14號,良
63000040,國王大飯店,A-111596180-00001-0,臺北市中山區南京東路1段118號,良
63000040,一郎台日海鮮料理宴會廣場-濱江店,A-112949486-00002-3,臺北市中山區民族東路336號5樓,優
63000010,晶英產後護理之家,A-278959983-00001-8,臺北市松山區健康路156號6樓,優
63000010,茹曦酒店-SUNNY BUFFET,A-128337899-00002-9,臺北市松山區敦化北路100號,優
63000010,茹曦酒店宴會廳,A-128337899-00004-1,臺北市松山區敦化北路100號,優
63000040,Impromptu by Paul Lee,A-150763495-00001-8,臺北市中山區中山北路2段39巷3號B1,優
63000040,漢堡王-光華店,A-123309178-00019-1,臺北市中山區八德路1段31號,優
63000010,翡麗詩莊園,A-154351122-00000-1,臺北市松山區敦化北路232號,優
63000010,THAI&THAI,A-128202098-00009-8,臺北市松山區敦化北路158號5樓,優
63000010,基督復臨安息日會醫療財團法人臺安醫院,A-104076608-00003-2,臺北市松山區八德路2段424號,優
63000010,beard papa-微風南京店,A-180292991-00012-1,臺北市松山區南京東路3段337號1樓,優
63000010,三軍總醫院松山分院含附設護理之家,A-400130027-00001-5,臺北市松山區健康路131號,優
63000010,聖瑪莉民生店,A-109499839-00012-2,臺北市松山區民生東路5段133號,優
63000040,台北世聯商旅,A-112166981-00000-2,臺北市中山區松江路90巷5號9樓,優
63000050,Yamazaki站前店,A-122522307-00009-0,臺北市中正區忠孝西路1段49號B1,優
63000060,Yamazaki台北中山店,A-122522307-00054-0,臺北市大同區長安西路1段52之1號A室,優
63000070,洛碁大飯店新仕界,A-189211393-00001-5,臺北市萬華區昆明街141號B1,優
63000050,果然果汁吧-台大西址店,A-172651972-00001-8,臺北市中正區常德街1號,優
63000080,統一聖娜多堡-萬芳門市,A-170790935-00013-2,臺北市文山區興隆路3段111號,優
63000120,皇家傳承-北榮門市, A-153725307-00010-1,臺北市北投區石牌路2段201號中正樓生活廣場,優
63000030,糧晨get食,A-202307257-00000-5,臺北市大安區羅斯福路4段1號,優
63000030,莫凡彼-臺大店,A-127542696-00009-8,臺北市大安區羅斯福路4段85號1樓,優
63000050,洛碁大飯店中華館,A-154915157-00001-6,臺北市中正區中華路1段41號2樓,優
63000050,上海鄉村-濟南店,A-146422101-00001-9,臺北市中正區濟南路2段37號,優
63000080,紅蕃茄餐飲事業有限公司(師大公館校區學七舍中餐廳),A-124399710-00038-4,臺北市文山區汀州路4段88號,優
63000010,新東南海鮮料理-松山店,A-189617056-00001-1,臺北市松山區八德路4段656號,良
63000050,上海鄉村-仁愛店,A-146422101-00003-1,臺北市中正區仁愛路1段17號B1、B2,優
63000120,新婦海南雞飯,A-200075990-00003-2,臺北市北投區光明路137號1樓,良
63000120,COMEBUY 北投榮總店,H-142839845-00001-9,臺北市北投區石牌路2段201號中正樓生活廣場,優
63000120,小南門傳統美食-榮總店,A-128544068-00002-7,臺北市北投區石牌路2段201號中正樓生活廣場,優
63000120,安永鮮食 榮總分店,A-153949524-00033-5,臺北市北投區石牌路2段201號中正樓生活廣場,優
63000120,甲大鴻燒臘,A-202307603-00002-2,臺北市北投區石牌路2段201號中正樓生活廣場,優
63000100,斑鳩的窩-舊宗店,A-141092138-00002-8,臺北市內湖區舊宗路1段188號1樓,良
63000100,麻膳堂-舊宗門市,A-125105092-00009-1,臺北市內湖區舊宗路1段188號1樓,優
63000100,異品屋-內湖大潤發店,A-200209860-00001-5,臺北市內湖區舊宗路1段188號1樓,良
63000020,太平洋商旅,A-196929646-00000-9,臺北市信義區光復南路495號11樓之2,優
63000120,新上享餐廳,A-184293711-00000-3,臺北市北投區光明路226號,優
63000090,統一聖娜多堡-南港門市,A-170790935-00025-5,臺北市南港區忠孝東路7段369號B棟1樓,優
63000040,大腕 (燒肉),A-128450287-00001-5,臺北市中山區敬業二路199號5樓,優
63000100,人之初敦化館產後護理之家, A-142825574-00005-0 ,臺北市內湖區行愛路140巷21號3樓 ,優
63000100,永安福華產後護理之家,A-126266243-00000-9,臺北市內湖區民權東路6段180巷6號3樓,優
63000100,私房小廚,A-112713860-00035-4,臺北市內湖區舊宗路1段188號3樓,優
63000030,焦糖楓-師大店,A-154199324-00003-8,臺北市大安區師大路63號,優
63000030,師大雞肉飯專門店,A-200219312-00000-7,臺北市大安區師大路59巷4號1樓,優
63000030,初魚 鮨-泰順、初魚鉄板料亭-泰順,A-190323071-00035-1,臺北市大安區泰順街2之1號,優
63000030,弘爺漢堡-大安店,A-197220043-00323-3,臺北市大安區泰順街33號,優
63000030,阿月子傳統小吃店,A-200157782-00001-0,臺北市大安區泰順街4號1樓,優
63000030,極簡咖啡館,A-110306542-00001-0,臺北市大安區泰順街2巷42號,優
63000030,小南風咖啡,A-188168643-00001-3,臺北市大安區泰順街38之1號,優
63000030,蓉記莫名堂,A-179832056-00001-9,臺北市大安區泰順街60巷29號1樓,優
63000030,38號冰館,A-202312304-00001-5,臺北市大安區泰順街38巷38號,優
63000030,雲南小鎮,A-200050599-00001-8,臺北市大安區泰順街40巷38號,優
63000030,傳送咖啡,A-200193343-00001-3,臺北市大安區泰順街40巷38號,優
63000030,嚼咖啡館工作室,A-200173376-00001-7,臺北市大安區泰順街60巷27號,優
63000030,七見櫻堂,A-142860924-00006-9,臺北市大安區泰順街28號,優
63000030,穎鈞子素食麵線專門店,A-202256315-00001-4,臺北市大安區師大路59巷8號,優
63000030,Pasta Paradise新天堂義大利廚房,A-200147916-00001-8,臺北市大安區師大路59巷8號,優
63000040,津津韓式小吃-南西店,A-183563005-00004-2,臺北市中山區南京西路15號B1,優
63000040,長浜魚屋-南西店,A-190323071-00030-6,臺北市中山區南京西路15號B1,優
63000040,季樂和牛鐵板燒-南西店,A-190323071-00032-8,臺北市中山區南京西路15號B1,優
63000040,牛喜壽喜燒-南西店,A-190323071-00029-4,臺北市中山區南京西路15號B1,優
63000020,美蔬菜廚房-松菸店,A-128483007-00074-1,臺北市信義區菸廠路88號B1,優
63000020,春芳號-松菸店,A-190472682-00009-5,臺北市信義區菸廠路88號B1,優
63000020,Ten Thousand Coffee-松菸店,A-190669088-00002-6,臺北市信義區菸廠路88號1樓,優
63000100,黑面蔡 滷春秋-內湖大潤發店,A-142839486-00003-5,臺北市內湖區舊宗路1段188號1樓,優
63000020,Haloa Poke 夏威夷拌飯-松菸店,A-202271920-00001-3,臺北市信義區菸廠路88號B1,優
63000020,gelato pique café-A8,A-150771930-00002-2,臺北市信義區松高路12號2樓,優
63000020,SHANN SHANN-台北三越信義店,A-180176590-00009-3,臺北市信義區松壽路9號6樓,優
63000020,得正-A8,A-183591086-00004-2,臺北市信義區松高路12號B1,優
63000030,英達烘培坊,A-153731477-00004-9,臺北市大安區龍泉街19之1號,優
63000030,風奕吉飲食店,A-200117423-00001-8,臺北市大安區龍泉街19號B1,優
63000030,薈上飲,A-200255493-00001-8,臺北市大安區龍泉街38號,優
63000030,柳橙檸檬,A-200163904-00001-3,臺北市大安區龍泉街19之2號旁,優
63000110,陽明常春護理之家,A-188187178-00000-6,臺北市士林區格致路7號2樓,優
63000110,BIGTOM馬克咖啡,A-189621636-00011-1,臺北市士林區雨聲街105號,優
63000110,讚 鐵板燒,A-154354649-00001-9,臺北市士林區承德路4段192之1號B1,優
63000100,鮮芋仙-內湖家樂福,A-180617317-00051-7,臺北市內湖區民善街88號,優
63000100,丸亀製麺-家樂福內湖店,E-153919541-00072-8,臺北市內湖區民善街88號,優
63000100,一階堂拉麵-內湖家樂福店,A-202283799-00004-3,臺北市內湖區民善街88號,優
63000100,韓楓館韓式料理,A-200203448-00001-1,臺北市內湖區民善街88號,優
63000100,洋城義大利餐廳,A-166432303-00058-8,臺北市內湖區民善街88號,優
63000100,廣一樂廚,A-116915418-00004-7,臺北市內湖區成功路2段325號B1,優
63000110,新悅蚵仔煎,A-172924050-00001-8,臺北市士林區忠誠路2段55號B1,優
63000110,東京牛角(次男坊),A-113134072-00033-5,臺北市士林區忠誠路2段55號B1,優
63000110,鴻榮廷食品(QQ嫩仙草),A-150970115-00001-7,臺北市士林區忠誠路2段55號B1,優
63000110,鰻魚日記-台北天母店,A-190654368-00005-4,臺北市士林區忠誠路2段200號3樓,優
63000110,長田本庄軒-新光三越天母店,A-153919541-00079-1,臺北市士林區忠誠路2段200號3樓,優
63000110,好食廚坊, A-202284174-00001-8,臺北市士林區雨聲街105號,優
63000110,YOKU MOKU TAIWAN,A-153165901-00001-9,臺北市士林區忠誠路2段202號1樓,優
63000110,九龍粉圓豆花,A-202278980-00001-6,臺北市士林區中正路235巷8號1樓,優
63000110,柯欽德日式食堂,A-200112817-00001-0,臺北市士林區福壽街9號,優
63000110,郭家養生,A-202305141-00001-6,臺北市士林區忠誠路2段55號B1,優
63000030,牛魔王牛排館,A-200144237-00008-8,臺北市大安區師大路49巷8號1樓,良
63000030,Macho Tacos 瑪丘墨式餅舖 (師大 Shida),A-124495220-00001-7,臺北市大安區師大路93巷1號,良
63000030,喫尤平價鐵板燒-師大店,A-152635145-00008-7,臺北市大安區師大路39巷26號,優
63000030,安徽妹子烙餅店,A-200149347-00001-8,臺北市大安區師大路49巷5號1樓,優
63000030,台南鱔魚意麵,A-200154866-00001-0,臺北市大安區師大路45號,優
63000030,金華街咖哩屋,A-200155671-00001-5,臺北市大安區金華街199巷1弄4號,良
63000030,起初好好,A-153920499-00001-0,臺北市大安區和平東路1段129之1號,優
63000120,火鍋世家-石牌尊爵店,A-278960904-00001-3,臺北市北投區石牌路2段335號,優
63000070,財團法人臺北市私立愛愛院,A-103772402-00000-3,臺北市萬華區大理街175巷27號,優
63000100,朱記餡餅粥-內湖大潤發,A-153095716-00061-1,臺北市內湖區舊宗路1段128號1樓,優
63000100,饗燒板餐廳-內湖大潤發,A-127554952-00030-0,臺北市內湖區舊宗路1段128號1樓,優
63000100,花蓮扁食- 內湖大潤發,A-170837404-00034-8,臺北市內湖區舊宗路1段128號1樓,優
63000100,孫家將牛排餐廳-內湖大潤發,A-137787179-00005-2,臺北市內湖區舊宗路1段128號1樓,優
63000100,霜江茶行,A-124562085-00001-1,臺北市內湖區舊宗路1段128號1樓,優
63000100,韓食客韓式料理  內湖大潤發,A-142281559-00001-5,臺北市內湖區舊宗路1段128號1樓,優
63000100,醇蛋糕 內湖家樂福店,A-142513397-00005-7,臺北市內湖區民善街88號,優
63000100,Joyfull餐廳 內湖家樂福,A-143835804-00008-1,臺北市內湖區民善街88號,優
63000100,享 煦鮮鐵板餐廳-內湖家樂福店,A-194867510-00001-9,臺北市內湖區民善街88號,優
63000040,鐵板教父,A-150778048-00001-8,臺北市中山區植福路215號2樓之3,優
63000030,吉兆割烹壽司,A-154323766-00001-5,臺北市大安區忠孝東路4段181巷48號1樓,優
63000030,Yuu,A-155789136-00001-3,臺北市大安區忠孝東路4段216巷33弄15號1樓,優
63000030,南村私廚小酒棧,A-152436841-00001-2,臺北市大安區忠孝東路4段216巷33弄10號1樓,優
63000030,鮨天本 登龍門,A-190100698-00001-2,臺北市大安區忠孝東路4段216巷27弄16號1樓,優
63000030,元一 天婦羅,A-194053330-00002-7,臺北市大安區忠孝東路4段216巷27弄11號,優
63000030,Aleisha,A-150773796-00001-3,臺北市大安區忠孝東路3段217巷4弄16號,優
63000060,咖哩樹-京站店,A-124692475-00061-4,臺北市大同區承德路1段1號B3,優
63000060,好想摸魚-京站店,A-193193761-00001-8,臺北市大同區承德路1段1號B3,優
63000060,蜀羊-京站店,A-155845257-00002-1,臺北市大同區承德路1段1號B3,優
63000060,森本家拉麵-京站店,A-200227151-00005-2,臺北市大同區承德路1段1號B3,優
63000060,BEPPIN PASTA-京站店,A-150906000-00004-2,臺北市大同區承德路1段1號B3,優
63000060,好饈鐵板燒-京站店,A-152629713-00003-6,臺北市大同區承德路1段1號B3,優
63000060,京都勝牛-京站店,A-142756204-00111-1,臺北市大同區承德路1段1號B3,優
63000060,COMEME-京站店,A-183121228-00007-2,臺北市大同區承德路1段1號B2,優
63000060,Cold Stone Creamery 酷聖石冰淇淋-京站店,A-128459597-00003-0,臺北市大同區承德路1段1號B2,優
63000060,先喝道-京站店,A-153951936-00079-5,臺北市大同區承德路1段1號B2,優
63000100,孫家將臺式牛排-內湖家樂福店,A-191668657-00002-8,臺北市內湖區民善街88號,優
63000090,南港老爺行旅,A-150890915-00001-6,臺北市南港區經貿二路196號10樓,優
63000090,Pepper charm味道拼圖-南港中信店,O-190478715-00002-5,臺北市南港區經貿二路186號B棟3樓,優
63000090,老董牛肉麵-南港中信店,A-194050426-00007-5,臺北市南港區經貿二路186號B棟3樓,優
63000090,花蓮扁食-南港中信店,A-170837404-00022-5,臺北市南港區經貿二路186號B棟3樓,優
63000090,中一排骨-南港中信店,A-123309091-00007-2,臺北市南港區經貿二路186號B棟3樓,優
63000090,游家牛排-南港中信店,F-190582647-00000-4,臺北市南港區經貿二路186號C棟3樓,優
63000090,廣一樂廚-南港中信店,A-116915418-00003-6,臺北市南港區經貿二路186號C棟3樓,優
63000090,雪嶽山-南港中信店,A-150902243-00003-6,臺北市南港區經貿二路186號C棟3樓,優
63000090,星泰海南雞-南港中信店,A-189113219-00001-3,臺北市南港區經貿二路186號C棟3樓,優
63000090,史巴可義大利麵-南港中信店,A-200044139-00001-1,臺北市南港區經貿二路186號C棟3樓,優
63000090,二師兄肉羹-南港中信店,A-183048655-00001-8,臺北市南港區經貿二路186號C棟3樓,優
63000090,瑞客來永和豆漿,A-200247781-00001-9,臺北市南港區忠孝東路6段449號,優
63000030,丹迪旅店-大安森林公園店,A-197093623-00000-7,臺北市大安區信義路3段33號,優
63000110,陽明山溫泉度假村,A-142847850-00001-7,臺北市士林區菁山路101巷71弄16號,優
63000110,醇蛋糕-家樂福天母店,A-142513397-00002-4,臺北市士林區德行西路47號,優
63000010,成真咖啡 微風廣場店,A-164987355-00012-8,臺北市松山區復興南路1段39號2樓,優
63000010,威士威酒食-微風廣場店,A-190370708-00009-1,臺北市松山區復興南路1段39號G樓,優
63000010,上海茶樓-微風廣場,A-153919063-00001-5,臺北市松山區復興南路1段39號G樓,優
63000010,一品花雕雞-微風廣場,A-190046610-00001-5,臺北市松山區復興南路1段39號G樓,優
63000040,CEO1950總裁藝文空間,A-150866555-00001-9,臺北市中山區新生北路3段62巷24號,優
63000040,1919藝文中心-Super 346 live house,A-182910750-00001-1,臺北市中山區八德路2段85號,優
63000040,美侖商旅,A-124813647-00000-3,臺北市中山區吉林路49號,優
63000040,北平陶然亭,A-148949952-00001-9,臺北市中山區復興北路86號2樓,優
63000030,JAPOLI義大利餐酒館  新生營業所,A-142614780-00006-6,臺北市大安區忠孝東路3段28號1樓,優
63000030,泔 米食堂,A-200208819-00001-8,臺北市大安區和平東路2段175巷12號,優
63000030,好嶼,A-193647686-00001-8,臺北市大安區仁愛路4段300巷20弄17號1樓,優
63000100,內湖高中早餐部(連大莊企業有限公司),A-180529551-00014-8,臺北市內湖區文德路218號,優
63000090,臺北市政府衛生局附設臺北市東明住宿長照機構,A-103772402-00002-5,臺北市南港區南港路2段60巷17號2樓,優
63000010,SENS,A-155847754-00001-4,臺北市松山區民生東路3段127巷12號,優
63000030,朱記餡餅粥-信義旗艦店,A-153095716-00056-5,臺北市大安區信義路3段124號,優
63000040,NO COFFEE 台北中山店,A-124756322-00001-0,臺北市中山區南京西路15號1樓,優
63000040,成都滿庭芳-南西店,A-193640516-00002-4,臺北市中山區南京東路15號B1,優
63000040,Frassi,A-190146982-00001-8,臺北市中山區樂群三路299號1樓,優
63000040,La Vie by Thomas Bühner,A-100136946-00001-8,臺北市中山區樂群三路200號1樓,優
63000030,Mr.Orchard果園先生,A-200227378-00004-2,臺北市大安區忠孝東路3段268號4樓,優
63000030,漁事所,B-182432553-00000-1,臺北市大安區忠孝東路3段268號4樓,優
63000030,Little tree Juice Club,A-183567728-00005-9,臺北市大安區忠孝東路3段268號4樓,優
63000030,茶茶小王子_SOGO忠孝店,A-128514178-00019-4,臺北市大安區忠孝東路4段45號B1,優
63000030,Baskin Robbins_SOGO忠孝店,A-142980364-00041-9,臺北市大安區忠孝東路4段45號B1,優
63000030,肉的長谷川_SOGO忠孝店,A-193547309-00001-9,臺北市大安區忠孝東路4段45號B1,優
63000030,雪嶽山_SOGO忠孝店,A-153717587-00012-4,臺北市大安區忠孝東路4段45號B1,優
63000030,季樂鐵板燒_SOGO忠孝店-NEW,A-190323071-00028-3,臺北市大安區忠孝東路4段45號B1,優
63000030,艸祭製麵所,A-193758471-00001-3,臺北市大安區忠孝東路3段268號4樓,優
63000030,双聖美式餐廳連鎖-大安店,A-112487549-00012-1,臺北市大安區復興南路1段317號1樓,優
63000050,JUNTO·同,A-202284491-00000-9,臺北市中正區漢口街1段2號2樓,優
63000080,臺北市政府社會局老人自費安養中心,A-112756760-00004-6,臺北市文山區興隆路4段109巷30弄6號,優
63000080,臺北市私立慧誠老人長期照顧中心,A-138494643-00001-0,臺北市文山區木柵路2段163號,優
63000080,臺北市立興岩住宿長照機構(委託臺北市立聯合醫院仁愛院區經營),A-128192021-00004-7,臺北市文山區興隆路2段88號2樓之2,優
63000060,德鑫自助餐,A-142357403-00001-7,臺北市大同區鄭州路145號,優
63000030,Antico Forno,A-154345001-00001-1,臺北市大安區瑞安街141號1樓,優
63000060,霸王川菜餐廳股份有限公司-甲天下長安店,A-107642676-00002-8,臺北市大同區長安西路287號1-2樓,優
63000020,琥珀,A-194053330-00001-6,臺北市信義區逸仙路32巷15號1樓,優
63000020,錢都日式涮涮鍋-信義福德店,A-102335241-00001-9,臺北市信義區福德街278號,優
63000020,Jarana (艾丘洛有限公司),A-183190343-00001-0,臺北市信義區忠孝東路4段553巷46弄8號,優
63000040,牛魔王-南西店,A-200144237-00005-5,臺北市中山區南京西路15號B1,優
63000040,璽品鱻-南西店,A-202296984-00001-0,臺北市中山區南京西路15號B1,優
63000020,越粉舖-松菸店,A-200127548-00001-7,臺北市信義區菸廠路88號B1,優
63000070,聖瑪莉西門2店,A-109499839-00057-1,臺北市萬華區中華路1段166之1號,優
63000120,蓬萊,A-200121350-00001-2,臺北市北投區中和街238號,優
63000050,孫立人將軍官邸,A-166263411-00001-8,臺北市中正區南昌路1段136號,優
63000060,Woosa洋食パンケーキ 屋莎洋食鬆餅屋-京站店,A-153089876-00004-8,臺北市大同區承德路1段1號2樓,優
63000060,Kaffee Amadeus 阿瑪迪斯咖啡館-京站店,A-145018336-00001-9,臺北市大同區承德路1段1號2樓,優
63000060,合點壽司-京站店,A-142864750-00004-8,臺北市大同區承德路1段1號3樓,優
63000060,Vegan Amore 蔬慕-京站店,A-152801642-00010-7,臺北市大同區承德路1段1號3樓,優
63000060,炸綺來鹹酥雞-京站店,A-196753013-00001-3,臺北市大同區承德路1段1號4樓,優
63000060,一鷺Express-京站店,A-154184602-00004-2,臺北市大同區承德路1段1號4樓,優
63000060,百家班HeyAhh-京站店,A-150764298-00001-0,臺北市大同區承德路1段1號4樓,優
63000030,Lin Restaurant,A-183597933-00001-6,臺北市大安區仁愛路4段300巷25弄6號1樓,優
63000030,雞湯大叔 敦南店 ,A-183589309-00008-1,臺北市大安區和平東路3段49號1樓,優
63000030,掬．Kiku,A-190019487-00001-7,臺北市大安區安和路1段135巷4號1樓,優
63000060,順成蛋糕-京站店,A-128200887-00005-8,臺北市大同區市民大道1段209號,優
63000060,GODIVA-京站店,A-127941440-00017-7,臺北市大同區承德路1段1號1樓,優
63000060,微兜petitdoux-京站店,A-124692475-00016-4,臺北市大同區承德路1段1號1樓,優
63000060,燒肉LIKE-京站店,A-158330423-00003-9,臺北市大同區承德路1段1號1樓,優
63000060,LOUISA COFFEE-京站店,A-124693586-00738-9,臺北市大同區市民大道1段209號,優
63000060,gonna 共樂遊-京站店,A-155734837-00005-5,臺北市大同區承德路1段1號1樓,優
63000060,客美多咖啡-京站店,A-150895094-00008-6,臺北市大同區承德路1段1號1樓,優
63000060,Ten Thousand Coffee-京站店,A-190669088-00004-8,臺北市大同區承德路1段1號1樓,優
63000020,默爾pasta & pizza-CITYLINK松山店,B-142680303-00016-2,臺北市信義區松山路11號1摟,優
63000020,夏威魚-CITYLINK松山店,A-168578107-00006-6,臺北市信義區松山路11號1摟,優
63000060,明 Ramen Bar-京站店,A-154326193-00001-2,臺北市大同區承德路1段1號1樓,優
63000030,春天素食,A-170584442-00002-4,臺北市大安區和平東路1段177號3樓,優
63000020,橘園小吃店,A-200139127-00001-3,臺北市信義區虎林街132巷63號,優
63000020,炒湘湘-微風信義店,A-182844838-00008-1,臺北市信義區忠孝東路5段68號4樓,優
63000020,the ukai taipei,A-150928399-00001-4,臺北市信義區松智路17號46樓,優
63000020,春嶼-微風信義店,A-190072052-00002-5,臺北市信義區忠孝東路5段68號4樓,優
63000020,北村豆腐家-大巨蛋店,A-128841757-00132-6,臺北市信義區忠孝東路4段515號B2,優
63000120,輕食光-榮總,A-196754364-00001-3,臺北市北投區石牌路2段201號長青樓,優
63000120,美味森市-榮總,A-122456427-00004-4,臺北市北投區石牌路2段201號長青樓,優
63000120,幸福道粥品專賣-榮總,A-190307852-00002-4,臺北市北投區石牌路2段201號長青樓,優
63000120,臺北市私立陽明山老人長期照顧中心,A-100959543-00001-4,臺北市北投區紗帽路116號1樓,優
63000020,總裁牛肉麵-遠百A13門市,A-155847754-00004-7,臺北市信義區松仁路58號4樓,優
63000020,八八燒肉,A-128393385-00003-2,臺北市信義區松仁路58號14樓,優
63000020,點點心-信義ATT店,A-142634580-00044-8,臺北市信義區松壽路12號4樓,優
63000020,李蝦記爆蝦火鍋,A-160605979-00001-1,臺北市信義區松壽路12號5樓,優
63000020,無老鍋-台北信義店,A-153546917-00038-9,臺北市信義區松壽路22號2樓,優
63000020,Yamazaki統一夢廣場店,A-122522307-00243-0,臺北市信義區松高路11號B2,優
63000050,DonDonDonki忠孝新生店,A-183723869-00003-7,臺北市中正區八德路1段55號B1,優
63000050,無老鍋-西門町店,A-153546917-00037-8,臺北市中正區中華路1段55號2樓,優
63000050,Yamazaki東森北車店,A-122522307-00241-8,臺北市中正區忠孝西路1段47號B1,優
63000050,福利麵包-微風店,A-111820764-00004-1,臺北市中正區北平西路3號,優
63000050,聖瑪莉北車店,A-109499839-00181-9,臺北市中正區北平西路3號微風廣場B1,優
63000020,瀾之茶店-松菸店,A-182908889-00001-1,臺北市信義區菸廠路88號B1,優
63000050,beard papa-誠品站前店,A-180292991-00029-9,臺北市中正區忠孝西路1段49號B1,優
63000050,誠記原汁排骨湯-台大西址店,A-202286236-00000-8,臺北市中正區常德街1號B1,優
63000030,杏一癌醫翠微廣場-餓了極品,A-278963766-00001-2,臺北市大安區基隆路3段155巷57號B1,優
63000090,DonDonDonki 南港店,A-183723869-00004-8,臺北市南港區忠孝東路7段359號3樓,優
63000090,薩莉亞-環球南港店,A-128854801-00029-5,臺北市南港區忠孝東路7段371號B1,優
63000060,樂田-雙連二店,A-128427006-00101-9,臺北市大同區民生西路47號,優
63000120,元爵味黃燜雞米飯(北投中央店),A-193203917-00000-2,臺北市北投區中央北路4段489號1樓,優
63000090,嘉義人-環球南港店,A-200186322-00014-6,臺北市南港區忠孝東路7段371號B1,優
63000090,因果茶南港店Yin Guo Cha-環球南港店,A-202315444-00001-3,臺北市南港區忠孝東路7段371號B1,優
63000100,炸雞大獅 內湖家樂福店,A-142591908-00046-6,臺北市內湖區民善街88號,優
63000100,呈信鵝肉 - 內湖家樂福店,A-191109541-00002-0,臺北市內湖區民善街88號,良
63000100,泰美胃餐廳 - 內湖大潤發,A-200121150-00000-9,臺北市內湖區舊宗路1段128號1樓,優
63000050,臺北市立第一女子高級中學員生消費合作社,A-121102587-00000-4,臺北市中正區重慶南路1段165號B1,優
63000060,印度風-京站店,A-188379942-00001-9,臺北市大同區承德路1段1號B3,優
63000060,齊媽媽-京站店,A-200247422-00001-1,臺北市大同區承德路1段1號B3,優
63000050,綺樂文旅店開封館,A-142617061-00000-5,臺北市中正區開封街1段35號1樓,優
63000040,樂起司-誠品南西店,A-153948686-00006-3,臺北市中山區南京西路14號B1,優
63000040,默爾pasta & pizza-誠品南西店,A-142680303-00006-0,臺北市中山區南京西路14號3樓,優
63000040,奎士咖啡-誠品南西店,A-183097938-00004-9,臺北市中山區南京西路14號B1,優
63000040,雞湯大叔-誠品南西店,A-183589309-00027-2,臺北市中山區南京西路14號3樓,優
63000040,先喝道-誠品南西店,A-153951936-00083-0,臺北市中山區南京西路14號B1,優
63000040,周廚紅燒牛肉麵-誠品南西店,A-202294147-00001-9,臺北市中山區南京西路14號B1,優
63000100,臺北市私立達人高級中學,A-101025606-00001-9,臺北市內湖區內湖路2段314號,優
63000100,Fresh & Aged Italian Steak House (美福牛排),A-180198341-00000-2,臺北市內湖區民善街128號2樓,優
63000090,御私藏-南港環球店,A-164845217-00011-7,臺北市南港區忠孝東路7段371號B1,優
63000090,摩斯漢堡-南港環球店,A-123928945-01246-3,臺北市南港區忠孝東路7段371號B1,優
63000040,凱樂烘焙食品有限公司,A-128193611-00000-9,臺北市中山區長安東路2段131之4號,優
63000040,雞湯大叔-松江南京店,A-183589309-00018-2,臺北市中山區南京東路2段26號1樓,優
63000030,komboi,A-183122964-00000-3,臺北市大安區敦化南路1段270巷28號1樓,優
63000010,T+T,A-150795638-00000-1,臺北市松山區敦化北路165巷11號,優
63000010,高雄空廚股份有限公司-松山廠,A-170750455-00011-3,臺北市松山區敦化北路405巷123弄9號,優
63000010,富錦樹台菜香檳-敦北店,A-153769515-00001-0,臺北市松山區敦化北路199巷17號,優
63000010,法蘭司烘焙-敦北店,A-180694545-00000-9,臺北市松山區敦化北路155巷5號,優
63000040,Wok by O'BOND,A-190330642-00000-5,臺北市中山區龍江路18號,優
63000040,加分鍋物-新生店,A-202287899-00000-4,臺北市中山區新生北路1段90之1號,優
63000040,承家私廚,A-202279700-00000-6,臺北市中山區民權東路2段92巷6號1樓,優
63000010,麟聚,A-189164053-00001-5,臺北市松山區敦化北路100號,優
63000010,雲川水月 Clavius,A-189186710-00001-9,臺北市松山區富錦街120號1樓,優
63000110,丹迪旅店 天母店,A-128009495-00000-5,臺北市士林區中山北路6段728巷2號,優
63000020,阿豬媽韓式烤肉吃到飽-信義店,A-183688321-00001-8,臺北市信義區松壽路12號5樓,優
63000020,瀧厚炙燒熟成牛排 台北信義ATT店,A-183095278-00001-1,臺北市信義區松壽路12號5樓,優
63000110,雞湯大叔 天母店,A-183589309-00007-0,臺北市士林區士東路130號1樓,優
63000110,DONQ東客麵包天母店,A-123930301-00057-1,臺北市士林區天母東路68號B1,優
63000060,施家鮮肉湯圓,A-200120798-00001-7,臺北市大同區延平北路3段56號,優
63000060,beard papa-雙連店,A-180292991-00041-3,臺北市大同區民生西路92號,優
63000040,無老鍋-台北中山分公司,A-153546917-00017-6,臺北市中山區中山北路2段36之1號1~2樓,優
63000040,月夜岩,A-142982519-00000-8,臺北市中山區雙城街25巷9號1樓,優
63000040,法蘭司烘焙-伊通店,A-128208895-00000-0,臺北市中山區伊通街32號,優
63000040,法蘭司烘焙-民權店,A-177483341-00000-5,臺北市中山區建國北路2段151巷30號,優
63000060,EIKA 盈科,A-190323071-00019-3,臺北市大同區民樂街58號,優
63000040,Circum-,A-194132383-00001-2,臺北市中山區中山北路2段39巷3號B2,優
63000010,VGEST 低碳披薩,A-189124525-00001-5,臺北市松山區八德路4段658號,優
63000040,喜瑞飯店,A-127559324-00000-5,臺北市中山區長安東路1段64號,優
63000050,NOBUO,A-202292894-00000-5,臺北市中正區泰安街8號1樓,優
63000010,蒲園飯店,A-170380242-00000-4,臺北市松山區八德路4段176號,優
63000070,禾順行旅,A-116309406-00001-8,臺北市萬華區廣州街247號,優
63000070,金獅樓,A-122198006-00000-6,臺北市萬華區西寧南路36號B區10樓,優
63000070,DonDonDonki 西門店,A-183723869-00002-6,臺北市萬華區西寧南路123號,優
63000070,聖瑪莉西門1店,A-109499839-00178-5,臺北市萬華區成都路54之1號,優
63000080,滬江高中附設廚房,A-200227280-00002-2,臺北市文山區羅斯福路6段336號,優
63000080,喔A咖啡-世新大學,A-202282401-00000-8,臺北市文山區木柵路1段17巷1號,優
63000080,食堂171-世新大學,A-127733956-00001-1,臺北市文山區木柵路1段17巷1號,優
63000080,禾豐美食-世新大學,A-202295519-00000-2,臺北市文山區木柵路1段17巷1號,優
63000080,樂田-萬隆,A-128427006-00097-3,臺北市文山區羅斯福路5段214號,優
63000030,伴鹿咖啡,A-142775384-00001-9,臺北市大安區敦化南路2段203號4樓,優
63000030,COUNTEA卡帝本植茶焙所-遠企店,B-182916115-00000-2,臺北市大安區敦化南路2段203號1樓,優
63000030,雲之南麗江斑魚火鍋-遠企店,A-154365435-00001-4,臺北市大安區敦化南路2段203號B2,優
63000030,aunt stella遠企店,A-123225889-00069-2,臺北市大安區敦化南路2段203號B2,優
63000030,雪嶽山韓式料理遠企店,A-153717587-00002-3,臺北市大安區敦化南路2段203號B2,優
63000030,初點甜豆花遠企店,A-202275643-00001-9,臺北市大安區敦化南路2段203號B2,優
63000030,永旭府城遠企店,A-131869194-00001-0,臺北市大安區敦化南路2段203號B2,優
63000030,北岸咖啡遠企店,A-202266620-00002-5,臺北市大安區敦化南路2段203號B2,優
63000110,百齡診所附設護理之家,A-202302106-00000-3,臺北市士林區重慶北路4段187號1樓,優
63000120,全國素食-台北榮總店,A-154027202-00104-5,臺北市北投區石牌路2段205號中正樓生活廣場,優
63000120,韓姜熙的小廚房-台北榮總店,A-128841757-00137-1,臺北市北投區石牌路2段206號中正樓生活廣場,優
63000120,金仙魯肉飯 鉑金食堂,A-196955073-00000-2,臺北市北投區石牌路2段207號中正樓生活廣場,優
63000120,關北紅豆餅-台北榮總店,A-124375652-00144-1,臺北市北投區石牌路2段208號中正樓生活廣場,優
63000120,洪瑞珍-台北榮總店,A-125564791-00004-1,臺北市北投區石牌路2段209號中正樓生活廣場,優
63000120,台灣G湯-台北榮總店,A-193380032-00004-0,臺北市北投區石牌路2段210號中正樓生活廣場,優
63000030,筌 壽司 割烹,A-200135284-00001-3,臺北市大安區安和路1段78巷37號,優
63000030,Restaurant Ephernité,A-124752022-00000-2,臺北市大安區安和路2段233號,優
63000030,國立臺灣大學研三(國青)開心廚房,A-200226102-00001-3,臺北市大安區辛亥路3段30號,優
63000030,凱樂烘培-和平門市,A-128193611-00007-6,臺北市大安區和平東路1段25號,優
63000040,FX富驛時尚酒店,A-183056697-00000-2,臺北市中山區南京東路3段131號1樓,優
63000020,MISOTABLE,A-194137423-00002-3,臺北市信義區松高路19號B2,優
63000080,臺灣警察專科學校(尊爵團膳),H-182788998-00006-0,臺北市文山區興隆路3段153號,優
63000030,Second Floor 貳樓師大店,A-124314831-00002-6,臺北市大安區師大路24號,優
63000030,五花馬水餃,A-202310851-00001-0,臺北市大安區羅斯福路4段1號,優
63000030,九久滷贊舖,A-202310851-00002-1,臺北市大安區羅斯福路4段1號,優
63000030,強尼兄弟健康廚房,A-202310851-00003-2,臺北市大安區羅斯福路4段1號,優
63000030,重慶抄手,A-202311166-00001-0,臺北市大安區羅斯福路4段1號,優
63000030,第八小吃部 吾煎,A-202289328-00001-4,臺北市大安區羅斯福路4段1號,優
63000030,第七小吃部(原典鮮沏茶),A-202311177-00001-2,臺北市大安區羅斯福路4段1號,優
63000030,第二小吃部(七樂港式燒臘),A-202310943-00001-2,臺北市大安區羅斯福路4段1號,優
63000030,第一小吃部(肥熊早早午餐),A-191717806-00005-2,臺北市大安區羅斯福路4段1號,優
63000030,合作社第二門市(小小福),A-101483519-00004-3,臺北市大安區羅斯福路4段1號,優
63000030,合作社第一門市(小福),A-101483519-00003-2,臺北市大安區羅斯福路4段1號,優
63000030,醉月湖1號-稍飽台大店,A-152447447-00001-6,臺北市大安區羅斯福路4段1號(1號貨櫃屋),優
63000030,醉月湖2號-TT French Bread,A-202259824-00000-1,臺北市大安區羅斯福路4段1號(2號貨櫃屋),優
63000120,象樣東方美食館-台北榮總店,A-183503555-00005-7,臺北市北投區石牌路2段201號中正樓生活廣場,優
63000120,Dreamers Coffee 台北榮總店,A-142826026-00056-9,臺北市北投區石牌路2段201號中正樓生活廣場,優
63000120,21Plus北榮義美,A-189627033-00401-1,臺北市北投區石牌路2段201號中正樓生活廣場,優
63000030,炸物三兄弟,A-202264465-00001-9,臺北市大安區長興街92號(男七舍),優
63000030,國立臺灣大學男八宿舍福利社,A-200205363-00000-8,臺北市大安區長興街31號,優
63000030,鴨香坊,A-200042417-00007-4,臺北市大安區長興街50號,優
63000030,銓家莊,A-200042417-00006-3,臺北市大安區長興街50號,優
63000030,早餐吧,A-200042417-00003-0,臺北市大安區長興街50號,優
63000030,轉角哥深夜食堂,A-200042417-00002-9,臺北市大安區長興街50號,優
63000030,銅板美食雞魯哥,A-200042417-00004-1,臺北市大安區長興街50號,優
63000030,凱樂烘培食品有限公司通化門市部,A-128193611-00008-7,臺北市大安區通化街10號,優
63000030,樂田-復興仁愛,A-128427006-00103-1,臺北市大安區復興南路1段255號1樓,優
63000030,凱樂烘培食品有限公司復興門市部,A-128193611-00009-8,臺北市大安區復興南路1段72號,優
63000030,卿卿小粉螺螄粉酸辣粉,A-202309752-00000-7,臺北市大安區新生南路1段1號,優
63000110,陽明春天,A-153740335-00000-8,臺北巿士林區菁山路119之1號,優
63000110,興蓬萊台菜餐廳,A-113469457-00001-8,臺北市士林區中山北路7段55號1樓,優
63000030,好日早午餐-台大合作社第五小吃部,A-200172430-00001-7,臺北市大安區羅斯福路4段1號,優
63000030,蘇格貓底義式冰淇淋,A-187496056-00001-4,臺北市大安區羅斯福路4段1號-共同教室樓梯,優
63000030,M.D.創作料理,A-153949524-00052-6,臺北市大安區羅斯福路4段1號-明達館,優
63000030,Doki Poke夏威夷蒸鮮飯-台大社科店,A-123298989-00002-0,臺北市大安區羅斯福路4段1號-社會科學院,優
63000030,小木屋鬆餅,A-128498682-00003-8,臺北市大安區羅斯福路4段1號-鹿鳴廣場,優
63000030,茶茶小王子x小農飯盒,A-150773676-00001-0,臺北市大安區羅斯福路4段1號-學新館1樓,優
63000030,新月台 café,A-103734301-00001-0,臺北市大安區羅斯福路4段1號-新月台,優
63000110,雀客藏居-台北陽明山,A-190238075-00001-3,臺北市士林區格致路237號,優
63000030,義饗食堂,A-104268726-00011-5,臺北市大安區羅斯福路4段83號2樓,優
63000030,SUBWAY-台大店,A-180591219-00001-4,臺北市大安區羅斯福路4段85號,優
63000030,熊一燒肉-台大店,A-150894320-00002-1,臺北市大安區羅斯福路4段85號2樓,優
63000040,和蒔炭火割烹,A-150872079-00000-6,臺北市中山區長安東路2段36巷1號,優
63000050,路境行旅-府前館,A-183566663-00000-1,臺北市中正區重慶南路1段86號B1,優
63000050,北海漁村 台北杭州店,A-122717540-00001-7,臺北市中正區杭州南路1段8之1號1樓,優
63000050,uMeal 優善糧-台大水源店,A-200203731-00003-8,臺北市中正區思源街16號,優
63000080,吃飯囉媽媽便當,A-200220414-00000-2,臺北市文山區汀州路4段88號,優
63000010,INITA,A-190610931-00000-7,臺北市松山區八德路3段12巷52弄1號1樓,優
63000010,樂田-南復二店,A-128427006-00102-0,臺北市松山區南京東路3段253號,優
63000030,洛碁大飯店忠孝館,A-124807151-00001-7,臺北市大安區忠孝東路4段180號,優
63000030,享聚餐廳,A-194271390-00002-5,臺北市大安區忠孝東路3段1號,優
63000030,八方雲集-臺北科大,A-170472679-00995-3,臺北市大安區新生南路1段1號1樓,優
63000030,拉亞漢堡臺北科大,A-128813605-03465-9,臺北市大安區新生南路1段1號,優
63000030,喜歡你飯捲年糕-北科大,A-202298520-00000-7,臺北市大安區新生南路1段1號,優
63000030,直火盒子低卡餐盒,A-202307033-00002-9,臺北市大安區建國南路1段81號,優
63000030,炸雞大獅-北科大店,A-202283545-00001-9,臺北市大安區建國南路1段81號,優
63000030,海音咖啡,A-200006558-00002-5,臺北市大安區新生南路1段3號,優
63000030,宣坊,A-202298361-00001-1,臺北市大安區新生南路1段1號2樓,優
63000030,可唐精品茶旅-北科大店,A-190884523-00000-7,臺北市大安區新生南路1段1號1樓,優
63000030,文華食堂,A-202284343-00001-6,臺北市大安區新生南路1段1號2樓,優
63000050,臺大合作社(合作社醫學院門市),A-101483519-00005-4,臺北市中正區仁愛路1段1號B2,優
63000050,樂田麵包屋-北車二店,A-128427006-00100-8,臺北市中正區忠孝西路1段49號B3 11號店,優
63000050,樂田麵包屋-台大二店,A-128427006-00104-2,臺北市中正區公園路52號,優
63000050,SIRAYA COFFEE,A-200124767-00001-7 ,臺北市中正區徐州路2之3號,優
63000050,MIXTIO(秘地),A-202265672-00001-0,臺北市中正區仁愛路1段1號,優
63000050,問事咖啡,A-190145528-00004-6,臺北市中正區仁愛路1段1號B1,優
63000050,葵川食記,A-190145528-00001-3,臺北市中正區仁愛路1段1號B1,優
63000050,荖子鍋Plus 東森北車店,A-202281799-00001-8,臺北市中正區忠孝西路1段47號B1,優
63000030,BAHO(八和 大安),A-182855497-00000-6,臺北市大安區安和路1段102巷4號,優
63000040,Ad Astra,A-190620017-00002-5,臺北市中山區中山北路2段45巷23號1樓,優
63000030,EMBERS,A-182955355-00001-1,臺北市大安區仁愛路4段122巷24號,優
63000120,一之軒北榮分店,A-122751743-00103-3,臺北市北投區石牌路2段201號中正樓生活廣場,優
63000120,每力果榮總店,A-112743858-00003-9,臺北市北投區石牌路2段201號中正樓生活廣場,優
63000120,迷客夏PLUS台北榮總店,A-128949151-00855-5,臺北市北投區石牌路2段201號中正樓生活廣場,優
63000120,李記中式餐廳,A-202314784-00001-9,臺北市北投區石牌路2段201號中正樓生活廣場,優
63000120,福勝亭北榮店,A-197301707-00688-4,臺北市北投區石牌路2段201號中正樓生活廣場,優
63000030,椰林燒臘,A-200204135-00001-5,臺北市大安區羅斯福路4段1號,優
63000120,山水樂會館,A-116773754-00001-9,臺北市北投區中和街20巷6號,優
63000120,凱特無餓不做 輕食早午餐,A-200250981-00001-5,臺北市北投區學園路1號,優
63000120,泰牛雅上餐飲小吃,A-202310285-00001-1,臺北市北投區學園路1號,優
63000120,歐海唷尚一品餐廳,A-200007846-00006-0,臺北市北投區學園路1號,優
63000100,臺北市立行愛住宿長照機構(委託臺北醫學大學經營管理),A-193211661-00000-7,臺北市內湖區行善路250號1-2樓,優
63000100,晴光紅豆餅-內湖大潤發店,A-200108615-00000-0,臺北市內湖區舊宗路1段188號1樓,優
63000100,越式河粉-內湖大潤發店,A-199998569-00001-3,臺北市內湖區舊宗路1段188號1樓,優
63000100,beard papa-內湖大潤發店,A-180292991-00099-6,臺北市內湖區舊宗路1段188號1樓,優
63000100,12MINI-內湖大潤發店,A-161210008-00160-3,臺北市內湖區舊宗路1段188號1樓,優
63000100,霜江茶行-內湖大潤發店,A-124332824-00001-7,臺北市內湖區舊宗路1段188號1樓,優
63000100,韓食客-內湖大潤發店,A-152752425-00004-4,臺北市內湖區舊宗路1段188號1樓,優
63000120,臺北市私立高德老人長期照顧中心(養護型),A-172966255-00000-0,臺北市北投區磺港路156號1樓,優
63000020,Zaap,A-194266354-00001-8,臺北市信義區吳興街345巷6號,優
63000040,欣葉鐘菜,A-112107610-00038-7,臺北市中山區樂群二路199號1樓,優
63000090,衛生福利部基隆醫院附設南港綜合長照機構,A-402294548-00002-7,臺北市南港區南港路2段78號5樓,優
63000030,紅豆食府/遠企店,A-116794266-00003-2,臺北市大安區敦化南路2段203號B2,優
63000100,88樂章婚宴會館,A-154022092-00001-3,臺北市內湖區民善街88號,優
63000030,台灣大學－蛋白盒子,A-202308028-00000-2,臺北市大安區羅斯福路4段1號,優
63000030,台灣大學-食事場,A-100849579-00004-4,臺北市大安區羅斯福路4段1號,優
63000030,比司多,A-200204488-00000-5,臺北市大安區羅斯福路4段1號,優
63000030,厚宅,A-200228004-00000-5,臺北市大安區羅斯福路4段1號,優
63000030,悠悠鮮果屋,A-200204626-00000-9,臺北市大安區羅斯福路4段1號,優
63000030,吉登自助餐,A-128858882-00001-8,臺北市大安區羅斯福路4段1號,優
63000030,Doki PoKe夏威夷蒸鮮飯,A-202278415-00001-9,臺北市大安區羅斯福路4段1號,優
63000030,桔客義式麵屋,A-202265997-00001-0,臺北市大安區羅斯福路4段1號,優
63000040,鮨 嘉仁,A-100043068-00000-9,臺北市中山區吉林路28號1樓,優
63000030,小小樹食,A-153946836-00001-3,臺北市大安區大安路1段116巷17號,優
63000050,山內雞肉-南機場夜市店,A-202269800-00002-8,臺北市中正區中華路2段307巷20之3號,優
63000030,翊芳庭複合式餐飲,A-200236878-00001-4,臺北市大安區長興街92號(男七舍),優
63000040,天婦羅 杉村,A-190222968-00002-8,臺北市中山區樂群二路199號2樓,優
63000010,加分昆布鍋物-台北八德店,A-200199967-00001-1,臺北市松山區八德路4段170號1樓,優
63000010,台北碧瑤飯店,A-120682708-00001-2,臺北市松山區八德路2段367號1至10樓,優
63000010,祥福餐廳,A-183588006-00001-7,臺北市松山區南京東路4段50號2樓,良
63000010,天閣酒店-台北復興店,A-154348020-00001-5,臺北市松山區復興北路147號,優
63000120,國防大學廚房,A-154842824-00012-8,臺北市北投區中央北路2段70號,優
63000100,三商鮮五丼-內湖大潤發2館,A-197301707-00684-0,臺北市內湖區舊宗路1段188號1樓,優
63000100,星悅-內湖大全聯二店,A-202269966-00002-1,臺北市內湖區舊宗路1段188號1樓,優
63000040,順成蛋糕錦州店,A-128200887-00004-7,臺北市中山區松江路276號,優
63000030,Treehouse,A-200186532-00000-4,臺北市大安區杭州南路2段1號,優
63000060,江牛樓,A-202268299-00001-8,臺北市大同區民樂街6號,優
63000100,饗來美食(康寧生活事業股份有限公司),A-184912038-00000-3,臺北市內湖區成功路5段420巷28號1樓,優
63000090,京都柚子豚骨拉麵研究中心- 南港環球店,A-150866422-00008-9,臺北市南港區忠孝東路7段371號B1,優
63000090,京都御握丸-南港環球店,A-127732788-00001-3,臺北市南港區忠孝東路7段371號B1,優
63000090,洪瑞珍-環球南港店,A-142832420-00020-5,臺北市南港區忠孝東路7段371號B1,優
63000030,AJIMI - 割烹．味美,A-202310443-00001-7,臺北市大安區四維路52巷19弄5號1樓,優
63000100,MONEY JUMP,A-202297464-00000-3,臺北市內湖區民善街127號2樓,優
63000100,統一聖娜多堡-內湖門市,A-170790935-00086-2,臺北市內湖區臺北市內湖區成功路4段186號1樓,優
63000050,馬可先生健康烘焙-西門店,A-128467554-00002-1,臺北市中正區衡陽路130號,優
63000090,洛碁大飯店松山館,A-128691455-00057-0,臺北市南港區玉成街149號,優
63000030,壽司芳Sushiyoshi,A-183484261-00001-5,臺北市大安區忠孝東路4段216巷19弄12號1樓,優
63000090,台北馥華商旅南港館,A-125112707-00000-3,臺北市南港區三重路23號1至4樓,優
63000040,aMaze 心宴,A-194003753-00000-9,臺北市中山區明水路598號1樓,優
63000040,Bar Domani 義式餐酒館,A-128489086-00018-2,臺北市中山區樂群三路200號3樓05號櫃,優
63000060,set.,A-190265678-00001-2,臺北市大同區承德路2段110號,優
63000030,川蜀牛肉麵,A-101738267-00001-3,臺北市大安區龍泉街32號,優
63000030,雞房重地,A-200152704-00001-9,臺北市大安區師大路39巷19號,優
63000110,大戶屋大葉高島屋店,A-153089762-00036-7,臺北市士林區忠誠路2段55號B1,優
63000110,OTIS Café,A-172922291-00001-3,臺北市士林區美德街104號1樓,優
63000110,咬一口脆皮雞蛋糕,A-200164545-00001-5,臺北市士林區文林路406號1樓,優
63000030,吉菈朵食品行,A-200203282-00001-7,臺北市大安區龍泉街62號1樓,優
63000030,義肥好好吃舖,A-188203986-00000-2,臺北市大安區師大路59巷9之3號,優
63000030,工方的咖啡店,A-200225849-00001-0,臺北市大安區師大路105巷18號1樓,優
63000030,元日本豚骨拉麵,A-202302313-00001-4,臺北市大安區泰順街16巷41號,優
63000020,麥當勞-台北大巨蛋,A-112411160-01813-7,臺北市信義區忠孝東路4段515號(D棟B2),優
63000100,麥當勞-台北舊宗二,A-112411160-01790-1,臺北市內湖區舊宗路1段275號,優
63000100,麥當勞-台北東湖,A-112411160-01784-4,臺北市內湖區東湖路135號,優
63000110,麥當勞-台北中山北,A-112411160-01739-4,臺北市士林區中山北路6段152及154號1樓,優
63000090,麥當勞-南港中信,A-112411160-01725-9,臺北市南港區經貿二路188號,優
63000040,麥當勞-南西誠品,A-112411160-01701-3,臺北市中山區南京西路14號1樓、B1,優
63000070,麥當勞-台北萬大二,A-112411160-01240-1,臺北市萬華區萬大路215號,優
63000110,麥當勞-台北東吳,A-112411160-01220-9,臺北市士林區臨溪路70號1樓,優
63000040,麥當勞-台北南京五,A-112411160-01207-4,臺北市中山區南京東路3段210號1樓,優
63000050,麥當勞-台北公館,A-112411160-01194-9,臺北市中正區羅斯福路4段76之1號1樓及76號B1,優
63000030,麥當勞-台北台大,A-112411160-01190-5,臺北市大安區羅斯福路4段1號1樓,優
63000100,麥當勞-台北舊宗,A-112411160-01184-8,臺北市內湖區舊宗路1段135號,優
63000050,麥當勞-台北車站微風,A-112411160-01168-0,臺北市中正區北平西路3號1樓,優
63000080,麥當勞-台北動物園三,A-112411160-01163-5,臺北市文山區新光路2段30號,優
63000020,麥當勞-新台北101,A-112411160-01159-0,臺北市信義區市府路45號B1,優
63000100,麥當勞-台北瑞光,A-112411160-01145-5,臺北市內湖區瑞光路517號1樓,優
63000100,麥當勞-台北西湖,A-112411160-01111-8,臺北市內湖區內湖路1段283號1樓,優
63000030,麥當勞-復興二,A-112411160-01104-0,臺北市大安區復興南路2段273號,優
63000090,麥當勞-忠孝八,A-112411160-01094-8,臺北市南港區忠孝東路6段438號1樓,優
63000080,麥當勞-台北考試院,A-112411160-01089-2,臺北市文山區木柵路1段137號,優
63000020,麥當勞-台北莊敬,A-112411160-01086-9,臺北市信義區莊敬路475號1樓,優
63000010,麥當勞-台北南京影城,A-112411160-01057-7,臺北市松山區南京東路5段162號1樓,優
63000090,麥當勞-台北研究院,A-112411160-01053-3,臺北市南港區研究院路1段99號,優
63000120,麥當勞-台北承德II,A-112411160-01047-6,臺北市北投區承德路7段262號1樓,優
63000090,麥當勞-台北南港,A-112411160-01034-2,臺北市南港區南港路2段16號1樓,優
63000080,麥當勞-台北木新,A-112411160-01007-2,臺北市文山區木新路3段174號1樓,優
63000070,麥當勞-台北西園二,A-112411160-00994-6,臺北市萬華區西園路2段240號,優
63000060,麥當勞-民生三,A-112411160-00970-0,臺北市大同區民生西路55號,優
63000100,麥當勞-台北內湖,A-112411160-00958-6,臺北市內湖區內湖路1段741號1樓,優
63000120,麥當勞-台北大業,A-112411160-00950-8,臺北市北投區北投路2段15號,優
63000050,麥當勞-台北南昌,A-112411160-00942-9,臺北市中正區南昌路1段149號1樓,優
63000030,麥當勞-台北麟光,A-112411160-00940-7,臺北市大安區和平東路3段406巷8號1樓,優
63000040,麥當勞-民權三,A-112411160-00925-0,臺北市中山區民權西路68號1樓,優
63000030,麥當勞-忠孝五,A-112411160-00923-8,臺北市大安區忠孝東路4段73之1號,優
63000080,麥當勞-台北興隆,A-112411160-00920-5,臺北市文山區興隆路3段54號,優
63000020,麥當勞-忠孝四,A-112411160-00899-0,臺北市信義區忠孝東路5段522號1樓,優
63000030,麥當勞-台北信義,A-112411160-00897-8,臺北市大安區信義路4段273號1樓,優
63000120,麥當勞-台北石牌,A-112411160-00883-3,臺北市北投區石牌路2段126號,優
63000040,麥當勞-林森三,A-112411160-00882-2,臺北市中山區林森北路413號1樓,優
63000050,麥當勞-台北公園,A-112411160-00879-8,臺北市中正區公園路30之1號,優
63000050,麥當勞-林森二,A-112411160-00867-5,臺北市中正區林森南路1號,優
63000110,麥當勞-陽明山,A-112411160-00865-3,臺北市士林區格致路62號,優
63000080,麥當勞-景美,A-112411160-00857-4,臺北市文山區景中街30巷12號,優
63000030,麥當勞-羅斯福,A-112411160-00841-7,臺北市大安區羅斯福路2段45號,優
63000050,麥當勞-台北館前,A-112411160-00836-1,臺北市中正區館前路8號,優
63000030,麥當勞-台北光復,A-112411160-00835-0,臺北市大安區光復南路286號,優
63000040,麥當勞-林森一,A-112411160-00833-8,臺北市中山區南京東路1段86號,優
63000010,麥當勞-台北民生,A-112411160-00831-6,臺北市松山區民生東路3段135號,優
63000040,築間-台北農安店,A-183293333-00091-2,臺北市中山區農安街57號,優
63000030,築間-台北忠孝二店,A-183293333-00089-9,臺北市大安區忠孝東路4段120號2樓,優
63000100,築間-內湖成功店,A-183293333-00042-8,臺北市內湖區成功路4段34號1樓,優
63000040,築間-台北雙城店,A-183293333-00037-2,臺北市中山區雙城街34號1樓,優
63000020,築間-台北忠孝一店,A-183293333-00090-1,臺北市信義區忠孝東路5段695號,優
63000120,築間-北投石牌店,A-183293333-00051-8,臺北市北投區石牌路1段160號,優
63000090,築間-台北南港店,A-183293333-00092-3,臺北市南港區興中路56巷3號,優
63000010,築間-台北復興南店,A-183293333-00105-8,臺北市松山區復興南路1段1之1號,優
63000040,築間-台北松江店,A-183293333-00109-2,臺北市中山區松江路27號,優
63000040,石二鍋中崙大潤發店,A-161210008-00121-0,臺北市中山區八德路2段306號B1,優
63000120,石二鍋捷運新北投店,A-161210008-00122-1,臺北市北投區泉源路12號2樓,優
63000110,石二鍋士林中正店,A-161210008-00116-4,臺北市士林區中正路183號、185號,優
63000110,石二鍋台北天母西店,A-161210008-00026-4,臺北市士林區天母西路40號,優
63000030,石二鍋台北安居店,A-161210008-00032-1,臺北市大安區安居街50號1樓,優
63000050,石二鍋台北延平南店,A-161210008-00125-4,臺北市中正區延平南路183號1樓及179巷1弄3號1樓,優
63000030,石二鍋台北信義店,A-161210008-00030-9,臺北市大安區信義路2段72號1樓,優
63000020,石二鍋台北捷運後山埤店,A-184630426-00239-5,臺北市信義區孝東路5段787號1樓及789號1樓,優
63000040,台灣壽司郎-台北林森店, A-152929520-00023-7,臺北市中山區林森北路247號B1,優
63000040,台灣壽司郎-台北松江長安店, A-152929520-00012-5,臺北市中山區松江路61之1號2樓,優
63000050,台灣壽司郎-台北中華路店, A-152929520-00002-4,臺北市中正區中華路1段41號1樓,優
63000100,台灣壽司郎-台北内湖大潤發店, A-152929520-00041-7,臺北市內湖區舊宗路1段188號1樓,優
63000090,台灣壽司郎-南港CITYLINK店, A-152929520-00048-4,臺北市南港區忠孝東路7段369號5樓,優
63000110,鬍鬚張-台北重慶店,A-122721208-00003-5,臺北市士林區重慶北路4段146號,優
63000110,鬍鬚張-台北承德店,A-122721208-00004-6,臺北市士林區承德路4段66號,優
63000100,鬍鬚張-台北內湖店,A-122721208-00005-7,臺北市內湖區成功路2段318號,優
63000030,鬍鬚張-台北大安店,A-122721208-00008-0,臺北市大安區信義路4段24號,優
63000110,鬍鬚張-台北福國店,A-122721208-00010-3,臺北市士林區福國路54號,優
63000040,鬍鬚張-台北興安店,A-122721208-00139-5,臺北市中山區興安街120號,優
63000050,鬍鬚張-台北南門店,A-122721208-00013-6,臺北市中正區延平南路161號,優
63000090,鬍鬚張-台北昆陽店,A-122721208-00020-4,臺北市南港區忠孝東路6段422號,優
63000040,鬍鬚張-台北民權店,A-122721208-00021-5,臺北市中山區民權西路43號,優
63000030,鬍鬚張-台北東門店,A-122721208-00022-6,臺北市大安區金山南路2段18號,優
63000050,鬍鬚張-忠孝新生店,A-122721208-00023-7,臺北市中正區忠孝東路2段134巷6號,優
63000020,鬍鬚張-台北北醫店,A-122721208-00025-9,臺北市信義區吳興街251號,優
63000080,鬍鬚張-台北萬芳店,A-122721208-00026-0,臺北市文山區興隆路3段60號,優
63000010,鬍鬚張-台北八德店,A-122721208-00028-2,臺北市松山區八德路3段124號,優
63000100,鬍鬚張-台北東湖店,A-122721208-00033-8,臺北市內湖區東湖路134號,優
63000010,鬍鬚張-南京三民店,A-122721208-00053-0,臺北市松山區南京東路5段227號,優
63000110,鬍鬚張-A61台北天母店,A-122721208-00104-7,臺北市士林區天母東路11號,優
63000120,鬍鬚張-北投光明店,A-122721208-00083-3,臺北市北投區光明路210號,優
63000050,鬍鬚張-京簡康延平店,A-122721208-00161-0,臺北市中正區延平南路171巷1號1樓,優
63000040,鬍鬚張-京簡康伊通店,A-122721208-00162-1,臺北市中山區伊通街109之2號1樓,優
63000060,米哥烘焙坊-大同門市,A-117274637-00003-8,臺北市大同區酒泉街56號,優
63000040,米哥烘焙坊-錦州門市,A-189455989-00023-0,臺北市中山區復興北路352號1樓,優
63000080,米哥烘焙坊-興隆門市,A-126900511-00003-5,臺北市文山區辛亥路5段1號1樓,優
63000120,米哥烘焙坊-北投門市,A-113825420-00004-7,臺北市北投區光明路158號,優
63000010,米哥烘焙坊-民生門市,H-126770600-00006-9,臺北市松山區民生東路5段184之2號2樓,優
63000020,米哥烘焙坊-吳興門市,A-126770600-00008-4,臺北市信義區吳興街154號1樓,優
63000100,火鍋世家(內湖成功店),A-148972881-00000-5,臺北市內湖區成功路4段30巷40號,優
63000120,火鍋世家(北投中和店),A-188292283-00000-0,臺北市北投區中和街28號,優
63000050,馬辣公館店,A-100026650-00000-7,臺北市中正區汀州路3段94號1樓　,優
63000020,馬辣信義店,A-150752791-00000-4,臺北市信義區松壽路22號3樓,優
63000010,馬辣南京店,A-150895215-00001-4,臺北市松山區南京東路3段285號2樓,優
63000070,馬辣漢口店,A-183460676-00001-9,臺北市萬華區西寧南路30號2樓,優
63000010,COMEBUY-松山機場門市,A-125119125-00002-6,臺北市松山區敦化北路340之10號2樓,優
63000010,upoke-松機二航店,A-200203731-00029-6,臺北市松山區敦化北路340之10號2樓,優
63000010,頂呱呱-松山機場店,A-130862692-00026-2,臺北市松山區敦化北路340之10號2樓,優
63000010,順成蛋糕-松山機場店,A-128200887-00049-6,臺北市松山區敦化北路340之10號2樓,優
63000060,SAIKABO-京站店,A-182847238-00004-4,臺北市大同區承德路1段1號B3,優
63000060,小南門-京站店,A-124977367-00014-8,臺北市大同區承德路1段1號B3,優
63000060,日春木瓜牛奶-京站店,A-278958543-00003-1,臺北市大同區承德路1段1號B3,優
63000060,牛角次男坊-京站店,A-113134072-00032-4,臺北市大同區承德路1段1號B3,優
63000060,西雅圖牛排-京站店,A-101303523-00005-0,臺北市大同區承德路1段1號B3,優
63000060,滷SUSU-京站店,A-278958703-00004-0,臺北市大同區承德路1段1號B3,優
63000060,貝諾pasta-京站店,A-148907812-00001-8,臺北市大同區承德路1段1號B3,優
63000060,廣安階-京站店,A-154680222-00011-9,臺北市大同區承德路1段1號B3,優
63000060,繼光香香雞 J&G Fried Chicken -京站店,A-124435384-00005-6,臺北市大同區承德路1段1號B2,優
63000060,SUBWAY-京站店,A-112868955-00001-3,臺北市大同區承德路1段1號B2,優
63000020,丸亀製麵松菸店,A-153919541-00037-5,臺北市信義區菸廠路88號B1,優
63000020,滷台味松菸店,A-190050830-00004-7,臺北市信義區菸廠路88號B1,優
63000020,小南門松菸店,A-128544068-00032-0,臺北市信義區菸廠路88號B1,優
63000020,成真咖啡松菸店,A-164987355-00010-6,臺北市信義區菸廠路88號B1,優
63000020,舞古賀Mini鍋物,A-200130986-00003-9,臺北市信義區菸廠路88號B1,優
63000020,YOGO霜淇淋,A-190472682-00008-4,臺北市信義區菸廠路88號B1,優
63000020,果樹媽媽松菸店,A-200144062-00003-9,臺北市信義區菸廠路88號B1,優
63000110,漢堡王-大葉高島屋,A-123309178-00307-1,臺北市士林區忠誠路2段55號B1,優
63000110,皇品珍食品(有),A-154737463-00006-3,臺北市士林區忠誠路2段55號B1,優
63000110,喬升(三也木瓜),A-190195907-00003-1,臺北市士林區忠誠路2段55號B1,優
63000110,真杏坊餐飲(于記杏仁茶),A-143740146-00030-0,臺北市士林區忠誠路2段55號B1,優
63000110,喜悅(奧特拉麵),A-124963504-00007-8,臺北市士林區忠誠路2段55號B1,優
63000020,丸龜製麵_統一時代店,A-153919541-00049-8,臺北市信義區忠孝東路5段8號B2,優
63000020,老蔡水煎包_統一時代店, A-179852849-00001-1,臺北市信義區忠孝東路5段8號B2,優
63000020,果樹媽媽_統一時代店,A-200144062-00001-7,臺北市信義區忠孝東路5段8號B2,優
63000020,島瓜滷味_統一時代店,A-179966110-00006-3,臺北市信義區忠孝東路5段8號B2,優
63000020,葡吉_統一時代店,A-104389073-00037-2,臺北市信義區忠孝東路5段8號B2,優
63000020,興葉蚵仔煎_統一時代店,A-180691126-00005-6,臺北市信義區忠孝東路5段8號B2,優
63000020,繼光香香雞_統一時代店,A-124435384-00100-2,臺北市信義區忠孝東路5段8號B2,優
63000020,SAISON du SOLEIL-統一時代店,A-122522307-00005-6,臺北市信義區忠孝東路5段8號B2,優
63000040,八番赤野_美麗華店,A-200000311-00018-3,臺北市中山區敬業三路20號B1,優
63000040,府城_美麗華店,A-113830417-00002-7,臺北市中山區敬業三路20號B1,優
63000040,日出茶太_美麗華店,A-180671769-00017-0,臺北市中山區敬業三路20號B1,優
63000040,丸亀製麺48號店_美麗華店,A-153919541-00054-4,臺北市中山區敬業三路20號B1,優
63000020,旭成鐵板料理-台北101店,A-126533987-00001-2,臺北市信義區市府路45號B1,優
63000020,蔬河-台北101店,A-154675966-00004-0,臺北市信義區市府路45號B1,優
63000020,小南門傳統美食-台北101店,A-124977367-00002-5,臺北市信義區市府路45號B1,優
63000020,開丼-台北101店,A-153925311-00029-8,臺北市信義區市府路45號B1,優
63000020,韓鶴亭-台北101店,A-189468529-00001-0,臺北市信義區市府路45號B1,優
63000020,八色烤肉mini-台北101店,A-190338454-00001-5,臺北市信義區市府路45號B1,優
63000060,拿坡里披薩炸雞民生店,A-197301707-00007-9,臺北市大同區民生西路83號,優
63000100,拿坡里披薩炸雞內湖店,A-197301707-00010-3,臺北市內湖區成功路3段141號,優
63000120,拿坡里披薩炸雞北投店,A-197301707-00018-1,臺北市北投區中央北路1段125號1樓,優
63000090,拿坡里披薩炸雞南港店,A-197301707-00004-6,臺北市南港區三重路7號,優
63000100,拿坡里披薩炸雞劍南店,A-197301707-00548-9,臺北市內湖區內湖路1段49號,優
63000080,拿坡里披薩炸雞興隆店,A-197301707-00028-2,臺北市文山區興隆路3段31號,優
63000050,拿坡里披薩炸雞南昌店,A-197301707-00031-6,臺北市中正區南昌路1段151號,優
63000030,朱記餡餅粥-遠企購物中心敦南店,A-153095716-00007-1,臺北市大安區敦化南路2段203號B2,優
63000090,朱記餡餅粥-環球南港車站店 ,A-153095716-00049-7,臺北市南港區忠孝東路7段371號B1,優
63000020,朱記餡餅粥-潤泰松山車站店,A-153095716-00035-2,臺北市信義區松山路11號2樓,優
63000110,朱記餡餅粥-SOGO百貨天母店,A-153095716-00011-6,臺北市士林區中山北路6段77號8樓,優
63000050,朱記餡餅粥-新光三越台北站前店,A-153095716-00059-8,臺北市中正區忠孝西路1段66號B1,優
63000020,漢堡王-華納店,A-123309178-00006-7,臺北市信義區松壽路20號2樓,優
63000040,漢堡王-美麗華店,A-123309178-00011-3,臺北市中山區敬業三路20號B1,優
63000100,漢堡王-內湖店,A-123309178-00013-5,臺北市內湖區民善街88號,優
63000040,漢堡王-長春店,A-123309178-00021-4,臺北市中山區長春路176號,優
63000050,漢堡王-公館店,A-123309178-00047-2,臺北市中正區羅斯福路3段246號,優
63000030,漢堡王-新師大店,A-123309178-00052-8,臺北市大安區師大路86巷1號1樓及B1,優
63000050,漢堡王-微風北車店,A-123309178-00137-2,臺北市中正區北平西路3號2樓,優
63000080,漢堡王-木新店,A-123309178-00201-4,臺北市文山區木新路3段109號,優
63000120,漢堡王-北投光明店,A-123309178-00263-2,臺北市北投區光明路146之4號,優
63000100,漢堡王-內湖成功店,A-123309178-00058-4,臺北市內湖區成功路4段178號1樓,優
63000010,大戶屋-微風廣場店,A-153089762-00029-9,臺北市松山區復興南路1段39號GF,優
63000030,大戶屋-大安店,A-153089762-00019-8,臺北市大安區復興南路1段323號B1,優
63000010,大戶屋-南京復興店,A-153089762-00015-4,臺北市松山區南京東路3段258號2樓,優
63000020,大戶屋-松山車站店,A-153089762-00013-2,臺北市信義區松山路11號1樓,優
63000090,大戶屋-南港車站店,A-153089762-00011-0,臺北市南港區忠孝東路7段369號7樓,優
63000030,大戶屋-忠孝復興店,A-153089762-00005-3,臺北市大安區忠孝東路4段52號2樓,優
63000100,大戶屋-東湖店,A-153089762-00033-4,臺北市內湖區康寧路3段187號2樓,優
63000040,大戶屋-行天宮站店,A-153089762-00035-6,臺北市中山區松江路276號2樓,優
63000060,大戶屋-京站店,A-153089762-00038-9,臺北市大同區承德路1段1號B3,優
63000100,Q Burger 內湖麗山店,A-191006756-00001-3,臺北市內湖區內湖路1段629巷41號1樓,優
63000020,Q Burger 信義永吉店,A-199995943-00001-6,臺北市信義區永吉路120巷1號1樓,優
63000120,Q Burger 北投立農店,A-191041557-00001-1,臺北市北投區立農街2段259號1樓,優
63000080,Q Burger 文山恆光店,A-196589203-00001-1,臺北市文山區木新路2段242號1樓,優
63000120,Q Burger 北投唭哩岸店,A-196659474-00001-9,臺北市北投區立農街1段277號1樓,優
63000080,Q Burger 文山木新店,A-100246887-00001-4,臺北市文山區木新路3段224號1樓,優
63000080,Q Burger 文山萬和店,A-100040077-00001-7,臺北市文山區羅斯福路5段218巷3號1樓,優
63000080,Q Burger 文山景興店,A-194190411-00001-8,臺北市文山區景興路99號,優
63000040,Q Burger 中山榮星店, A-193604429-00001-6,臺北市中山區五常街63號,優
63000070,Q Burger 萬華雙園店,A-193717676-00001-5,臺北市萬華區雙園街15號 ,優
63000030,Q Burger 大安樂業店,A-193711716-00001-4,臺北市大安區樂業街153號,優
63000040,Q Burger 中山中原店,A-183630932-00001-3,臺北市中山區中原街41號1樓,優
63000020,Q Burger 信義虎林店,A-183630975-00001-0,臺北市信義區信義路6段106號1樓,優
63000120,Q Burger 北投大興店,A-190168486-00001-1,臺北市北投區大興街48號,優
63000080,Q Burger 文山世新店,A-190403779-00001-8,臺北市文山區木柵路1段101號1樓及地下室,優
63000080,Q Burger 文山新光店,A-190046082-00001-8,臺北市文山區新光路1段26號,優
63000050,新馬辣公館店,A-124335765-00000-3,臺北市中正區汀州路3段295號,優
63000070,新馬辣昆明店,A-152572922-00000-2 ,臺北市萬華區昆明街37號2樓,優
63000070,新馬辣武昌店,A-142998651-00000-2,臺北市萬華區武昌街2段72號3樓,優
63000070,新馬辣峨嵋店,A-150771755-00000-5,臺北市萬華區西寧南路155號5樓,優
63000020,聖瑪莉北醫店,A-109499839-00006-5,臺北市信義區吳興街252號1樓,優
63000030,聖瑪莉敦化店,A-109499839-00074-0,臺北市大安區忠孝東路4段148號B2,優
63000030,聖瑪莉科技店,A-109499839-00084-1,臺北市大安區復興南路2段287號,優
63000100,聖瑪莉內湖(潤泰)店,A-109499839-00097-5,臺北市內湖區成功路4段188號2樓,優
63000090,beard papa's-環球南港車站店,A-180292991-00017-6,臺北市南港區忠孝東路7段371號B1,優
63000030,beard papa's-SOGO復興店,A-180292991-00005-3,臺北市大安區忠孝東路3段300號B3,優
63000110,beard papa's-SOGO天母店,A-180292991-00006-4,臺北市士林區中山北路6段77號B1,優
63000020,beard papa's-統一夢廣場店,A-180292991-00108-7,臺北市信義區松高路11號B2樓,優
63000090,beard papa's-南港LALAPORT店,A-180292991-00110-0,臺北市南港區經貿二路131號5樓,優
63000110,樂田-士林中正,A-128427006-00081-6,臺北市士林區中正路235巷16號1樓,優
63000030,樂田-六張犁,A-128427006-00077-1,臺北市大安區和平東路3段124號1樓,優
63000120,樂田-關渡,A-128427006-00085-0,臺北市北投區大度路3段296巷51號1樓 ,優
63000020,樂田-世貿,A-128427006-00093-9,臺北市信義區信義路5段20號,優
63000060,樂田-雙連,A-128427006-00087-2,臺北市大同區民生西路47號,優
63000060,樂田-民權西路,A-128427006-00075-9,臺北市大同區民權西路72號,優
63000030,樂田-古亭,A-128427006-00078-2,臺北市大安區和平東路1段73號,優
63000030,樂田-忠孝復興,A-128427006-00096-2,臺北市大安區忠孝東路3段302號,優
63000030,樂田-敦南,A-128427006-00079-3,臺北市大安區敦化南路2段5號1樓,優
63000030,樂田-台電大樓,A-128427006-00080-5,臺北市大安區羅斯福路3段249號1樓,優
63000040,樂田-松江南京,A-128427006-00086-1,臺北市中山區松江路126號B1,優
63000040,樂田-松南二店,A-128427006-00089-4,臺北市中山區松江路126號B1,優
63000040,樂田-行天宮,A-128427006-00084-9,臺北市中山區松江路316號B1,優
63000050,樂田-衡陽,A-128427006-00076-0,臺北市中正區衡陽路99號1樓,優
63000050,樂田-中正,A-128427006-00056-8,臺北市中正區羅斯福路1段8之1號,優
63000010,樂田-松山,A-128427006-00083-8,臺北市松山區八德路4段742號B1,優
63000010,樂田-南京復興,A-128427006-00051-3,臺北市松山區復興北路145號1樓,優
