抽驗日期,檢體名稱,抽驗地點,檢驗結果,不符合規定原因
20260325,結球白菜,新北市汐止區汐止國小,不符合規定,殺菌劑Thifluzamide 賽氟滅0.16ppm(標準：不得檢出)
20260310,地瓜球,三統食品有限公司,不符合規定,殺菌劑Dimethomorph 達滅芬2.9ppm(標準：2.5ppm以下)  殺蟲劑Indoxacarb 因得克0.03ppm(標準：0.01ppm以下)
20260319,麥片,新北市三重區三重國小,不符合規定,殺蟲劑Fipronil芬普尼0.001ppm、Fipronil-sulfone芬普尼代謝物0.003ppm，合計共0.004ppm（標準：0.001ppm以下）
20260314,油菜,旭暘科技農業股份有限公司,不符合規定,殺蟲劑Deltamethrin 第滅寧1.0ppm(標準：0.5ppm以下)  殺菌劑Difenoconazole 待克利3.4ppm(標準：0.5ppm以下)
20260322,玉米醬罐頭,新北市三重區五華國小,不符合規定,殺菌劑Cyprodinil	賽普洛0.04ppm(標準：0.01ppm以下)
20260319,小湯圓,新北市汐止區秀峰國小,不符合規定,殺蟲劑Thiamethoxam 賽速安0.46ppm(標準：0.25ppm以下)
20260311,甜玉米,新北市板橋區溪洲國小,不符合規定,殺蟲劑Cyantraniliprole 賽安勃0.02ppm(標準：不得檢出)
20260316,雞蛋,中一食品股份有限公司,不符合規定,殺蟲劑Fipronil-sulfone芬普尼代謝物0.004ppm（標準：0.001ppm以下）
20260322,貢丸,巨富工業有限公司,不符合規定,"二‧四地（2,4-D）:0.1ppm （標準:0.05ppm）"
20260314,結球白菜,新北市果菜運銷股份有限公司,不符合規定,殺菌劑Difenoconazole 待克利2.7ppm(標準：0.5ppm以下)  殺蟎劑Pyridaben 畢達本0.8ppm(標準：0.5ppm以下)
20260312,杏鮑菇,義庄合作農場,不符合規定,殺菌劑Cyprodinil賽普洛0.8ppm（標準：0.5ppm以下）
20260331,雞骨,超秦企業股份有限公司,不符合規定,殺草劑Ametryn 草殺淨0.04ppm(標準：不得檢出)  殺菌劑Hexaconazole 菲克利0.02ppm(標準：0.01ppm以下)
20260318,蒟蒻小卷,新北市三重區修德國小,不符合規定,殺蟲劑Flonicamid	氟尼胺0.22ppm(標準：0.01ppm以下)
20260311,青木瓜,良朋農產有限公司,不符合規定,殺草劑Ametryn 草殺淨0.02ppm(標準：不得檢出)  殺蟲劑Indoxacarb 因得克0.05ppm( 標準：0.01ppm以下)
20260313,韓式泡菜,新北市平溪區平溪國中,不符合規定,乃卡巴精(nicarbazin): 0.016 ppm (標準:不得檢出)
20260312,豆包,新北市板橋區海山國小,不符合規定,砷:0.35 mg/kg (標準:0.2 mg/kg以下)
20260309,有機山茼蒿,新北市金山區三和國小,不符合規定,腸桿菌科：2.1x10^3 CFU/mL (標準：10 CFU/mL)
20260312,白年糕,溫師傅食品有限公司,不符合規定,腸桿菌科：3.2x10^2 CFU/g (標準：10 CFU/g)
20260311,結頭菜,新北市蘆洲區蘆洲國小,不符合規定,腸桿菌科：18 CFU/mL (標準：10 CFU/mL)
20260306,結球白菜,新北市永和區永和國小,不符合規定,殺蟎劑Spirodiclofen 賜派芬0.07ppm(標準：0.01ppm以下)
20260319,刀削麵,鵬記食品股份有限公司,不符合規定,1.蘇丹三號-4ppb (標準：不得檢出) 2.克美素-0.06ppm (標準：不得檢出)
20260308,鴻喜菇,新北市鶯歌區昌福國小,不符合規定,殺菌劑Dimethomorph 達滅芬4.1ppm(標準：2.5ppm以下)
20260319,四角油豆腐,春豐豆類食品股份有限公司,不符合規定,腸桿菌科：40 CFU/g (標準：10 CFU/g)
20260305,麵腸,新北市樹林區三多國中,不符合規定,1.殺菌劑四克利(Tetraconazole)：0.09ppm(標準：0.01ppm)
20260325,肉絲,芬芳烹材食品公司,不符合規定,殺菌劑Difenoconazole	待克利1.4ppm(標準：0.5ppm以下)
20260322,帶皮雞胸肉(肉雞),佳世福有限公司,不符合規定,1.黃麴毒素B1：27.3µg/kg（標準：2µg/kg以下）及總黃麴毒素：33.5µg/kg（標準：4µg/kg以下） 2.產品外包裝未標示「內容物名稱」、「淨重、容量或數量」、「製造廠商或國內負責廠商名稱」、「原產地 （國）」、「營養標示」，且未標示「有效日期」字樣
20260329,冷凍玉米筍,新北市汐止區汐止國小,不符合規定,未標示原產地（國）、有效日期標示單獨黏貼未依規定印刷於外包裝上。
20260310,燕麥,家品商行,不符合規定,殺蟲劑Bifenthrin	畢芬寧1.89ppm(標準：0.01ppm以下)	 殺菌劑Carbendazim	貝芬替0.02ppm(標準：0.01ppm以下)	 殺蟲劑Chlorfenapyr	克凡派0.09ppm(標準：0.01ppm以下)	 殺菌劑Difenoconazole	待克利0.54ppm(標準：0.01ppm以下)	 殺菌劑Dimethomorph	達滅芬0.60ppm(標準：0.01ppm以下)	 殺蟲劑Dinotefuran	達特南0.74ppm(標準：不得檢出) 殺蟲劑Fenvalerate	芬化利0.26ppm(標準：0.01ppm以下)	 殺蟲劑Flubendiamide	氟大滅0.56ppm(標準：不得檢出)	 殺菌劑Fluopicolide	氟比來0.03ppm(標準：0.01ppm以下)	 殺蟲劑Methomyl	納乃得10.26ppm(標準：不得檢出)	 殺線蟲劑Oxamyl	毆殺滅0.04ppm(標準：0.01ppm以下)	 殺菌劑Procymidone	撲滅寧0.16ppm(標準：0.01ppm以下)	 殺蟲劑Profenophos	佈飛松0.03ppm(標準：0.01ppm以下)	 殺菌劑Propamocarb hydrochloride	普拔克0.32ppm(標準：0.01ppm以下)	 殺菌劑Pyraclostrobin	百克敏0.07ppm(標準：0.01ppm以下)	 殺蟲劑Pyriproxyfen	百利普芬0.06ppm(標準：0.01ppm以下)	 殺蟎劑Spirotetramat	賜派滅0.02ppm(標準：不得檢出)	 殺菌劑Thiabendazole	腐絕0.06ppm(標準：0.01ppm以下)	 殺蟲劑Thiodicarb	硫敵克0.10ppm(標準：0.01ppm以下)
20260317,豬絞肉,新北市蘆洲區忠義國小,不符合規定,鎘:0.53 mg/kg (標準:0.05 mg/kg以下) 扶吉胺:1.57 ppm (標準:不得檢出)
20260309,蘋果,新北市石碇區雲海國小,不符合規定,殺菌劑Pyraclostrobin 百克敏0.48ppm(標準：0.01ppm以下)
20260329,糙米,新北市土城區頂埔國小,不符合規定,殺草劑Ametryn 草殺淨0.04ppm(標準：不得檢出)  殺菌劑Hexaconazole 菲克利0.02ppm(標準：0.01ppm以下)
20260301,白米,新北市蘆洲區鷺江國小,不符合規定,檢出反式脂肪酸甲基酯(15項) 0.88 g/100 mL，惟案內產品外包裝營養標示每份(10毫升)反式脂肪含量為「0」，標示不實。
20260320,蘭花干,津悅食品有限公司,不符合規定,殺蟲劑Chlorpyrifos 陶斯松0.01ppm(標準：不得檢出) 殺蟲劑Fenitrothion 撲滅松0.03ppm(標準：0.01ppm以下)  殺草劑Oxadiazon 樂滅草0.02ppm(標準：0.01ppm以下)  殺草劑Pendimethalin 施得圃0.2ppm(標準：0.1ppm以下)
20260322,番茄罐頭,十方物聯有限公司,不符合規定,殺蟎劑Bifenazate	必芬蟎0.07ppm(標準：不得檢出)
20260331,檸檬,新北市瑞芳區九份國小,不符合規定,殺蟲劑Thiamethoxam	賽速安0.48ppm(標準：0.25ppm以下)	 殺蟲劑Trichlorfon	三氯松0.04ppm(標準：0.01ppm以下)
20260327,雞腿排,新北市汐止區汐止國中,不符合規定,重金屬鎘9mg/kg（標準：2mg/kg以下）
20260329,麵腸,新北市汐止區東山國小,不符合規定,殺菌劑Thifluzamide 賽氟滅0.16ppm(標準：不得檢出)
20260328,無骨鹽酥雞,台灣優良農產運銷有限公司,不符合規定,1.殺蟲劑Cypermethrin賽滅寧0.14ppm（標準：0.03ppm以下）、殺草劑Pendimethalin施得圃0.07ppm（ 標準： 0.05ppm 以下）、殺菌劑Pydiflumetofen派滅芬0.10ppm（標準：不得檢出） 2.產品外包裝標示「檢驗合格」字樣及附有農藥殘留檢驗合格之檢驗報告，標示不實且易生誤解
20260316,麻竹筍干,十方物聯有限公司,不符合規定,1.殺蟲劑滅芬諾(Methoxyfenozide)：0.29ppm(標準：0.01ppm) 2.殺菌劑賽氟滅(Thifluzamide)：0.55ppm(標準：不得檢出)
20260320,芋頭,新北市板橋區重慶國小,不符合規定,殺菌劑Propam ocarb hydrochloride普拔克11.6ppm（標準：5.0ppm以下） 殺菌劑Tebuconazole得克利0.16ppm（標準：0.05ppm以下）
20260315,蘿蔔乾,新北市三峽區建安國小,不符合規定,殺菌劑Pyraclostrobin	百克敏0.03ppm(標準：0.01ppm以下)
20260309,冷凍玉米粒,新北市土城區頂埔國小,不符合規定,殺蟲劑Chlorfenapyr 克凡派1.3ppm(標準：1.0ppm以下)
20260301,豆干絲,新北市土城區土城國小,不符合規定,殺蟲劑Chlorpyrifos陶斯松0.03ppm(標準：不得檢出)
20260325,素肉,安食達食材通路股份有限公司,不符合規定,殺菌劑Difenoconazole	待克利2.1ppm(標準：1.0ppm以下)
20260309,乳粉,津鼎有限公司,不符合規定,殺菌劑Thifluzamide 賽氟滅0.16ppm(標準：不得檢出)
20260308,棒腿,芬芳烹材股份有限公司,不符合規定,本體未以印刷、打印或壓印方式標示耐熱溫度。
20260309,青江菜,新北市中和區秀山國小,不符合規定,殺蟲劑3-keto Carbofuran3-酮基加保扶0.02ppm、3-O H C arbofuran3-羥基加保扶0.22ppm 、Carbofuran加保扶0.51ppm、Carbosulfan丁基加保扶0.05ppm（標準：0.5ppm以下）
20260314,黃洋蔥,保證責任雲林縣義庄合作農場,不符合規定,殺蟎劑Formetanate	覆滅蟎0.40ppm(標準：不得檢出)	 殺蟲劑Thiamethoxam	賽速安0.04ppm(標準：0.02ppm以下)
20260321,黑芝麻,新北市三峽區三峽國小,不符合規定,殺菌劑Triadimenol	三泰隆 0.27ppm(標準：0.05ppm以下)
20260331,芹菜,新北市板橋區重慶國小,不符合規定,殺蟲劑Fenitrothion 撲滅松0.02ppm(標準：0.01ppｍ以下)
20260330,冷凍玉米筍,新北市新莊區民安國小,不符合規定,1.殺蟲劑賽洛寧(λ-Cyhalothrin)：0.02ppm (標準：0.01ppm)
20260312,九層塔,新北市新莊區中港國小,不符合規定,1.殺菌劑賽氟滅(Thifluzamide)：0.14ppm(標準：不得檢出)
20260327,黑輪,新北市五股區五股國中,不符合規定,殺線蟲劑Fosthiazate 福賽絕0.02ppm(標準：不得檢出)
20260306,南瓜,良朋農產有限公司,不符合規定,殺蟲劑Thiamethoxam	賽速安0.17ppm(標準：0.02ppm以下)
20260307,薑,新北市三重區二重國中,不符合規定,殺草劑Thiobencarb 殺丹0.08ppm(標準：0.01ppm以下)
20260314,冷凍芋泥包,三統食品有限公司,不符合規定,殺蟲劑Cyhalothrin 賽洛寧1.0ppm(標準：0.5ppm以下)
20260317,馬鈴薯,雲林縣十八甲果菜生產合作社,不符合規定,DBP:6.0ppm (指標值:0.6ppm)
20260308,豬里肌肉,新北市新店區安坑國小,不符合規定,殺蟲劑Chlorfenapyr 克凡派2.2ppm(標準：1.0ppm以下)  殺蟲劑Fipronil 芬普尼0.435ppm及芬普尼代謝物Fipronil-sulfone0.083ppm，合計共0.518ppm(標準：0.001ppm以下)  殺蟲劑Indoxacarb 因得克3.7ppm(標準：2.0ppm以下)  殺蟲劑Pyriproxyfen 百利普芬1.53ppm(標準：0.01ppm以下)
20260314,黑豆干,津悅食品有限公司,不符合規定,殺草劑Thiobencarb 殺丹0.08ppm(標準：0.01ppm以下)
20260331,香菜,良朋農產有限公司,不符合規定,殺蟲劑Chlorfenapyr 克凡派1.3ppm(標準：1.0ppm以下)
20260326,小湯圓,新北市三重區碧華國中,不符合規定,殺蟲劑Cyantraniliprole 賽安勃0.34ppm(標準：不得檢出)
20260313,絞肉,樂廚食品有限公司,不符合規定,防腐劑己二烯酸2.3g/kg（標準：2.0g/kg以下）
20260328,凍豆腐,津悅食品有限公司,不符合規定,殺菌劑Difenoconazole 待克利1.2ppm(標準：0.5ppm以下)  殺菌劑Zoxamide 座賽胺0.13ppm(標準：不得檢出)
20260331,傳統豆腐,新北市貢寮區澳底國小,不符合規定,百滅寧:0.09 ppm (標準:0.01ppm以下)
20260325,素米血,津悅食品股份有限公司,不符合規定,脫氧羥四環黴素(Doxycycline): 0.4ppm （標準：0.3 ppm）
20260307,桶柑,新北市萬里區萬里國中,不符合規定,殺蟲劑Thiamethoxam賽速安0.27ppm(標準：0.25ppm以下)
20260316,四角油豆腐,新北市汐止區白雲國小,不符合規定,殺蟲劑Acetamiprid	亞滅培0.29ppm(標準：0.01ppm以下)	 殺蟎劑Hexythiazox	合賽多0.17ppm(標準：0.01ppm以下)	 殺蟎劑Spirodiclofen	賜派芬0.13ppm(標準：0.01ppm以下)
20260315,豆包,新北市泰山區義學國中,不符合規定,殺蟲劑Clothianidin可尼丁0.15 ppm（標準：0.02 ppm以下） 殺蟲劑Thiamethoxam賽速安0.91 ppm（標準：0.25 ppm 以下） 殺蟲劑Trichlorfon三氯松0.08 ppm（標準：0.01 ppm以下） 殺蟲劑Cyhalothrin賽洛寧0.08 ppm（標準：0.01 ppm以下）
20260306,鳳梨,新北市土城區廣福國小,不符合規定,殺蟲劑Thiamethoxam賽速安0.27ppm(標準：0.25ppm以下)
20260307,九層塔,正暘農產股份有限公司,不符合規定,DBP:6.0ppm (指標值:0.6ppm)
20260330,蔭冬瓜,臺北農產,不符合規定,殺草劑Oxadiazon 樂滅草0.04ppm(標準：0.01ppm以下)
20260324,米血糕,新北市鶯歌區建國國小,不符合規定,殺蟲劑Spinetoram 賜諾特0.02ppm(標準：不得檢出)
20260313,白花椰菜,新北市新莊區中平國中,不符合規定,殺蟎劑	Spirodiclofen	賜派芬0.02ppm(標準：0.01ppm以下)
20260307,台灣鯛魚片,新北市淡水區水源國小,不符合規定,乃卡巴精(nicarbazin): 0.016 ppm (標準:不得檢出)
20260309,肉丁(豬前腿),嘉一香食品股份有限公司,不符合規定,殺蟲劑Cypermethrin	賽滅寧 0.04ppm(標準：0.03ppm以下)	 殺蟲劑Deltamethrin	第滅寧 0.04ppm(標準：0.03ppm以下) 殺菌劑Tebuconazole	得克利 0.72ppm(標準：0.05ppm以下)
20260330,豆漿,新北市蘆洲區忠義國小,不符合規定,殺草劑Oxadiazon 樂滅草0.04ppm(標準：0.01ppm以下)
20260329,冷凍秋葵,新北市中和區中和國小,不符合規定,檢出防腐劑「苯甲酸」惟未於成分內容物標示。
20260309,蘭花干,津悅食品有限公司,不符合規定,DBP:6.0ppm (指標值:0.6ppm)
20260322,腰果,芬芳烹材股份有限公司,不符合規定,殺蟲劑Cypermethrin	賽滅寧 0.11ppm(標準：0.03ppm以下)
20260314,骨腿,冠霖物流有限公司,不符合規定,腸桿菌科：40 CFU/g (標準：10 CFU/g)
20260325,榨菜,家品商行,不符合規定,檢出防腐劑「苯甲酸」惟未於成分內容物標示。
20260325,肉絲,新北市新莊區中港國小,不符合規定,殺蟲劑Flonicamid 氟尼胺0.02ppm(標準：0.01ppm以下)
20260311,豆捲,津悅食品有限公司,不符合規定,殺蟲劑Chlorpyrifos陶斯松1.14ppm(標準：不得檢出)  殺蟲劑Fenvalerate	芬化利1.2ppm(標準：1.0ppm以下)	 殺蟲劑Permethrin	百滅寧0.97ppm(標準：0.01ppm以下)
20260307,紅蘿蔔,新北市板橋區板橋國中,不符合規定,殺菌劑Chlorothalonil	四氯異苯腈3.9ppm(標準：2.0ppm以下)
20260312,有機小芥菜,新北市永和區私立竹林國小,不符合規定,1.殺菌劑賽氟滅(Thifluzamide)：0.14ppm(標準：不得檢出)
20260314,糙米,新北市板橋區國光國小,不符合規定,殺蟲劑Fenitrothion 撲滅松0.03ppm(標準：0.01ppm以下)  殺菌劑Procymidone 撲滅寧0.02ppm(標準：0.01ppm以下)
20260301,香菇(小),保證責任彰化縣菇類生產合作社,不符合規定,殺蟲劑Acetamiprid亞滅培1.08ppm（標準：0.05ppm以下） 殺蟲劑Bifenthrin畢芬寧0.07ppm（標準：0.03ppm以下） 殺蟲劑Carbofuran加保扶0.82ppm（標準：不得檢出）殺蟲劑Chlorpyrifos陶斯松0.35ppm（標準：不得檢出）殺蟲劑Clothianidin可尼丁0.08ppm（標準：0.03ppm以下） 殺菌劑Difenoconazole待克利0.32ppm（標準：0.05ppm以下） 殺蟲劑Imidacloprid益達胺0.27ppm（標準：0.05ppm以下） 殺菌劑Pyraclostrobin百克敏0.57ppm（標準：0.05ppm以下） 殺菌劑Tebuconazole得克利0.85ppm（標準：0.05ppm以下 殺蟲劑Cyhalothrin賽洛寧0.08ppm（標準：0.03ppm以下）
20260326,韮菜,新北市三峽區介壽國小,不符合規定,殺菌劑Dimethomorph 達滅芬2.9ppm(標準：2.5ppm以下)  殺蟲劑Indoxacarb 因得克0.03ppm(標準：0.01ppm以下)
20260309,肉絲(豬後腿),泓霖食品工業有限公司,不符合規定,檢出著色劑「食用色素紅色六號」、「食用色素黃色五號」及「食用色素藍色一號」及甜味劑「甘草素」，惟未於成分內容物標示。
20260316,冷凍雞塊,新北市板橋區中山國中,不符合規定,殺蟲劑Cyromazine	賽滅淨0.02ppm(標準：不得檢出)
20260301,結球白菜,新北市泰山區同榮國小,不符合規定,殺蟲劑Cyromazine	賽滅淨0.02ppm(標準：不得檢出)
20260301,香菜,雲林縣十八甲果菜生產合作社,不符合規定,殺蟲劑3-酮基加保扶（ 3-keto Carbofuran） 0.04ppm、3-羥基加保扶（ 3-OH Carbofuran）0.54ppm、加保扶（Carbofuran）1.06ppm、丁基加保扶（Carbosulfan）0.20ppm（標準：0.5ppm以下） 殺蟎劑Spirodiclofen賜派芬0.11ppm（標準：0.01ppm以下）
20260306,骨腿,佳世福有限公司,不符合規定,殺蟲劑Cyromazine 賽滅淨0.48ppm(標準：不得檢出)  殺蟎劑Pyridaben 畢達本0.04ppm(標準：不得檢出)
20260329,小米,東昇米糧食品有限公司,不符合規定,殺菌劑Dimethomorph 達滅芬0.02ppm(標準：0.01ppm以下)  殺菌劑Procymidone 撲滅寧0.09ppm(標準：0.01ppm以下)
20260327,菲力雞排,新北市永和區頂溪國小,不符合規定,重金屬鎘5mg/kg(標準：2mg/kg以下)
20260304,芋頭塊,芬芳烹材股份有限公司,不符合規定,殺蟲劑Cyromazine	賽滅淨0.02ppm(標準：不得檢出)
20260302,榨菜,新祥紀食品有限公司,不符合規定,殺菌劑Bupirimate	布瑞莫0.02ppm(標準：0.01ppm以下)	 殺菌劑Prochloraz	撲克拉0.69ppm(標準：0.01ppm以下)	 殺蟲劑Pyriproxyfen	百利普芬0.6ppm(標準：0.2ppm以下)	 殺蟲劑Spinetoram	賜諾特0.08ppm(標準：0.05ppm以下)	 殺蟲劑Tolfenpyrad	脫芬瑞0.07ppm(標準：0.01ppm以下)
20260306,義大利麵,正成商行,不符合規定,己二烯酸 1.0g/kg (標準:不得檢出)
20260303,冬粉,新北市板橋區大觀國小,不符合規定,殺菌劑Boscalid	白克列21.87ppm(標準：0.01ppm以下)	 殺菌劑Procymidone	撲滅寧10.3ppm(標準：5.0ppm以下)
20260306,白米,陸穀實業股份有限公司,不符合規定,殺蟲劑Thiamethoxam 賽速安0.38ppm(標準：0.25ppm以下)
