"agency codes","sname","areacode","district","pzoon","fzoon","mark"
"382070100Y","板橋國小","65000010","板橋區","留侯里、流芳里、赤松里、黃石里、挹秀里、自強里、光華里、新興里、民權里、民安里、建國里","一、湳興里【板橋、大觀、後埔國小自由學區】 二、漢生里【板橋、文德國小自由學區】 三、光榮里、社後里（1－3鄰）【板橋、國光國小自由學區】","◎ 自立里可經里辦公處證明後請板橋國小考量配合就讀。
◎ 社後里5-7鄰自110學年度起每年開放10名學童經里辦公處證明後可申請就讀板橋國小，惟須符合額滿學校之相關申請程序。"
"382070300Y","後埔國小","65000010","板橋區","廣德里、福德里（1－7、26－28鄰）、仁愛里、福星里、大豐里、華興里、鄉雲里、華貴里、華福里、華東里（1－6、19-21鄰）、景星里","一、重慶里（5－13、17－19、21－25、30－31、33－35鄰）【後埔、重慶國小自由學區】 二、後埔里（1－13鄰）【後埔、實踐國小自由學區】 三、湳興里【後埔、大觀、板橋國小自由學區】","◎  後埔里(14-17鄰)可經里辦公處證明後請後埔國小考量配合就讀。 華東里105年11月進行里鄰整編，原第4鄰改劃為第20、21鄰，原第5鄰改劃為第6鄰，原第6鄰併入第8、10鄰。"
"382081000Y","新埔國小","65000010","板橋區","忠誠里、陽明里、宏翠里(1鄰除外)、仁翠里、新埔里、新翠里、朝陽里、吉翠里、滿翠里、明翠里、介壽里、百壽里、新民里（2－9、26鄰）、文化里（1－6鄰）","一、文化里（7－17鄰）【新埔、莒光國小自由學區】 二、聯翠里【新埔、江翠國小自由學區】 三、宏翠里1鄰【新埔、文德國小自由學區】","◎文化里（1－6鄰）可經里辦公處證明後請莒光國小考量配合就讀。（5名為限） ◎介壽里、百壽里有兄姊在莒光國小就讀者，可選擇莒光國小就讀。宏翠里1鄰調整為新埔、文德國小自由學區。 宏翠里1鄰調整為文德、新埔國小自由學區
◎聯翠里自110學年度起每年開放15名學童經里辦公處證明後可申請就讀莒光國小，惟須符合額滿學校之相關申請程序。
◎文德里12鄰自112學年度起調整為文德國小及新埔國小自由學區，惟須符合額滿學校之相關申請程序。
"
"382070200Y","埔墘國小","65000010","板橋區","埔墘里（18－23鄰）、雙玉里、振興里、振義里、廣新里、玉光里、光仁里、西安里、東丘里、民生里、九如里（12、13鄰除外）、正泰里、港嘴里（8－17、21、25鄰） ","一、莊敬里【埔墘、莒光國小自由學區】 二、埤墘里【埔墘、莒光國小自由學區】",""
"382082200Y","海山國小","65000010","板橋區","一、民族里、深丘里、香丘里、海山里、長安里、東安里、福丘里（8－19鄰）、九如里（12、13鄰）、新民里（1、10－25鄰） 二、中和區瑞穗里（1－6鄰）、員山里（11－22、25－35、37－42鄰）","","紅色字體部份係因105年度進行鄰里調整，調整鄰數後，不影響原學區劃分。"
"382070400Y","江翠國小","65000010","板橋區","江翠里、純翠里、柏翠里、文翠里、溪頭里、松翠里（1－8、14－16鄰）","一、青翠里、松翠里（9－13、17、18鄰）【江翠、文聖國小自由學區】 二、聯翠里【江翠、新埔國小自由學區】","◎青翠里為文聖、江翠國小自由學區
◎聯翠里自110學年度起每年開放15名學童經里辦公處證明後可申請就讀莒光國小，惟須符合額滿學校之相關申請程序。
"
"382081900Y","莒光國小","65000010","板橋區","永安里、華翠里、莒光里、忠翠里、華江里","一、文化里（7－17鄰）【莒光、新埔國小自由學區】 二、莊敬里【莒光、埔墘國小自由學區】 三、港嘴里（1－3、18、22－24鄰）【莒光、文聖國小自由學區】 四、埤墘里【莒光、埔墘國小自由學區】","◎介壽里、百壽里有兄姊在莒光國小就讀者，可選擇莒光國小就讀。 ◎聯翠里、文化里（1－6鄰）可經里辦公處證明後請莒光國小考量配合就讀。（5名為限）
◎聯翠里自110學年度起每年開放15名學童經里辦公處證明後可申請就讀莒光國小，惟須符合額滿學校之相關申請程序。"
"382081700Y","國光國小","65000010","板橋區","香社里、香雅里、社後里（4－28鄰）、中正里、港德里（1－19、21－23鄰）、國光里（1－16鄰）、自立里","一、光榮里、社後里（1－3鄰）【國光、板橋國小自由學區】 二、港尾里【國光、文德國小自由學區】","◎港德里可經里辦公處證明後請文德國小考量配合就讀。 ◎自立里可經里辦公處證明後請板橋國小考量配合就讀。 ◎國光里(1-16鄰)可經里辦公處證明後請文德國小考量配合就讀（5名為限）；中正里(12-18、25、27鄰)自112學年度起可經里辦公處證明後請文德國小考量配合就讀（10名為限）。
◎社後里5-7鄰自110學年度起每年開放10名學童經里辦公處證明後可申請就讀板橋國小，惟須符合額滿學校之相關申請程序。
◎中正里113學年度維持不變，自114學年度起調整為 12-18、24、25、27鄰可經里辦公處證明後請文德國小考量配合就讀（10 名為限）。"
"382086400Y","中山國小","65000010","板橋區","大安里、福安里、聚安里、龍安里、中山里、復興里","",""
"382070500Y","沙崙國小","65000010","板橋區","溪北里、崑崙里、成和里","","◎108學年度調整過渡期間，溪洲里、溪福里、堂春里學生仍可就讀沙崙國小。 ◎109學年度起溪洲里、溪福里、堂春里正式調整為溪州國小基本學區，並於109學年度學區調整會議中研議開放上述3里每里5名學童申請就讀沙崙國小之相關措施。
◎110學年度起取消溪洲里、溪福里與堂春里每里5位名額就讀沙崙國小。"
"382083200Y","文聖國小","65000010","板橋區","嵐翠里、文聖里、福翠里、懷翠里、龍翠里、松柏里、港嘴里（4－7、19、20鄰）","一、青翠里、松翠里（9－13、17、18鄰）【文聖、江翠國小自由學區】 二、港嘴里（1－3、18、22－24鄰）【文聖、莒光國小自由學區】","青翠里為文聖、江翠國小自由學區。"
"382083400Y","文德國小","65000010","板橋區","德翠里、新海里、公館里、幸福里、文德里、新生里、金華里、國光里（17－20鄰）、港德里（20、24－29鄰）","一、漢生里【文德、板橋國小自由學區】 二、港尾里【文德、國光國小自由學區】 三、宏翠里1鄰【文德、新埔國小自由學區】","◎港德里可經里辦公處證明後請文德國小考量配合就讀。 國光里(1-16鄰)可經里辦公處證明後請文德國小考量配合就讀（5名為限）；中正里(12-18、25、27鄰)自112學年度起可經里辦公處證明後請文德國小考量配合就讀（10名為限）。
◎文德里12鄰自112學年度起調整為文德國小及新埔國小自由學區，惟須符合額滿學校之相關申請程序。
◎中正里113學年度維持不變，自114 學年度起調整為12-18、 24、25、27鄰可經里辦公處證明後請文德國小考量配合就讀（10名為限）。"
"382083800Y","實踐國小","65000010","板橋區","一、福祿里、福德里（8－25鄰）、國泰里、後埔里（14－17鄰）、福丘里（1－7鄰） 二、中和區民生里、國光里（1－12、23－39鄰）、德穗里（1－7、26－29鄰）","一、後埔里（1－13鄰）【實踐、後埔國小自由學區】 二、中和區國光里（13－22鄰）【實踐、中和區自強國小自由學區】","◎後埔里(14-17鄰)可經里辦公處證明後請後埔國小考量配合就讀。 "
"382084200Y","大觀國小","65000010","板橋區","華中里、僑中里、大觀里、歡園里、浮洲里","湳興里【大觀、板橋、後埔國小自由學區】","一、    109年3月2日起浮洲里調整: 大觀路1段38巷8、10、12、16號，原21鄰併至24鄰。 大觀路1段38巷18、20、22、26號，原21鄰併至25鄰。"
"382084000Y","溪洲國小","65000010","板橋區","溪洲里、溪福里、堂春里","","◎108學年度調整過渡期間，溪洲里、溪福里、堂春里學生仍可就讀沙崙國小。 ◎109學年度起溪 洲里、溪福里、堂春里正式調整為溪州國小基本學區，並於109學年度學區調整會議中研議開放上述3里每里5名學童申請就讀沙崙國小之相關措施。
◎110學年度起取消溪洲里、溪福里與堂春里每里5位名額就讀沙崙國小。"
"382084100Y","信義國小","65000010","板橋區","一、華德里、信義里、華東里（除1-6、19-21鄰） 二、土城區瑞興里、復興里","一、土城區貨饒里【信義、土城區樂利國小自由學區】 二、土城區廣興里（6－18鄰）【信義、土城區廣福國小自由學區】","◎華東里105年11月進行里鄰整編，原第4鄰改劃為第20、21鄰，原第5鄰改劃為第6鄰，原第6鄰併入第8、10鄰。"
"382085300Y","重慶國小","65000010","板橋區","和平里、廣福里、五權里、重慶里（1－4、14－16、20、26－29、32、36－38鄰）","一、重慶里（5－13、17－19、21－25、30－31、33－35鄰）【重慶、後埔國小自由學區】 二、中和區壽德里、明德里【重慶、中和區自強國小自由學區】",""
"382087500Y","中和區 光復國小","65000010","板橋區","福壽里、居仁里、富貴里、長壽里、光復里、埔墘里（1－17鄰）","","一、106學年度前(含106學年度)開放為板橋區、中和區全區自由學區。 二、板橋區海山、莒光、埔墘國小、中和區積穗國小學區及板橋區宏翠里之學童107學年度仍可就讀光復國小，其餘板橋、中和區之學童回歸原學區就讀。上述4校及板橋區宏翠里外之學童，倘有兄姐現就讀光復國小，得提出申請隨兄姐就讀。
◎ 111學年度起，取消中和區積穗國小學區內學童至光復國小就讀，倘有兄姐現就讀光復國小，得提出申請隨兄姐就讀。"
"382085800Y","土城國小","65000130","土城區","土城里、埤塘里、員仁里、員信里、員林里、員福里、大安里、長風里","一、柑林里（1－15、17－18鄰）【土城、樂利、廣福、清水國小自由學區】 二、永寧里【土城、頂埔國小自由學區】",""
"382085900Y","清水國小","65000130","土城區","清水里、永豐里、永富里、清和里、青雲里（1－10、17－18鄰）、清化里、廷寮里、清溪里（8－10、15－43、45－47、50－53鄰）、青山里","一、柑林里（1－15、17－18鄰）【清水、土城、樂利、廣福國小自由學區】 二、金城里、峰廷里、延吉里、清溪里（1－7、11－14、44、48－49鄰）【清水、安和國小自由學區】","金城里自101學年度調整為清水及安和國小自由學區。"
"382086300Y","安和國小","65000130","土城區","安和里、延和里","一、平和里、延壽里、延祿里【安和、中和區自強國小自由學區】 二、金城里、峰廷里、延吉里、清溪里（1－7、11－14、44、48－49鄰）【安和、清水國小自由學區】","金城里自101學年度調整為安和及清水國小自由學區。"
"382086100Y","廣福國小","65000130","土城區","埤林里（8、10－19、21－38鄰）、廣興里（1－5鄰）、學府里（1－5、10－12、14－22鄰）、廣福里、柑林里（16、19－21鄰）、學士里、中正里、學成里（1－14、18鄰）、青雲里（11－16、19－21鄰）","一、柑林里（1－15、17－18鄰）【廣福、土城、樂利、清水國小自由學區】 二、學府里（6－9、13鄰）、埤林里（1－7、9、20鄰）【廣福、樂利國小自由學區】 三、廣興里（6－18鄰）【廣福、板橋區信義國小自由學區】",""
"382086000Y","頂埔國小","65000130","土城區","祖田里、頂新里、頂福里、頂埔里、沛陂里","永寧里【頂埔、土城國小自由學區】",""
"382086200Y","樂利國小","65000130","土城區","日新里、日和里、裕生里、樂利里、明德里、學成里（15－17鄰）","一、貨饒里【樂利、板橋區信義國小自由學區】 二、學府里（6－9、13鄰）、埤林里（1－7、9、20鄰）【樂利、廣福國小自由學區】 三、柑林里（1－15、17－18鄰）【樂利、土城、廣福、清水國小自由學區】",""
"382084100Y","板橋區 信義國小","65000130","土城區","一、華德里、信義里、華東里（除1-6、19-21鄰） 二、土城區瑞興里、復興里","一、土城區貨饒里【板橋區信義、土城區樂利國小自由學區】 二、土城區廣興里（6－18鄰）【板橋區信義、土城區廣福國小自由學區】","◎華東里105年11月進行里鄰整編，原第4鄰改劃為第20、21鄰，原第5鄰改劃為第6鄰，原第6鄰併入第8、10鄰。"
"382089400Y","三多國小","65000070","樹林區","三興里、三福里、三龍里、三多里（6－10、15、17－21鄰）","一、圳生里（2－9鄰）【三多、武林、文林國小自由學區】 二、三多里（1－5、11－14、16鄰）【三多、武林國小自由學區】三、 三龍里16鄰【三多、新莊區裕民國小之自由學區】","◎ 111學年度起，三龍里16鄰調整為三多國小與新莊區裕民國小之自由學區。"
"382088900Y","武林國小","65000070","樹林區","光興里、金寮里、獇寮里","一、潭底里（1－10鄰）【武林、文林、樹林國小自由學區】 二、圳安里（3鄰）、圳民里（16鄰）【武林、文林國小自由學區】 三、圳生里（2－9鄰）【武林、三多、文林國小自由學區】 四、三多里（1－5、11－14、16鄰）【武林、三多國小自由學區】",""
"382089300Y","文林國小","65000070","樹林區","一、文林里、保安里、圳福里、圳安里（1－2、4－23鄰）、潭底里（11－33鄰）、圳生里（1、10、11鄰）、圳民里（1－15鄰）、樹福里（19鄰） 二、新莊區西盛里（14－18鄰、25－29鄰）","一、圳安里（3鄰）、圳民里（16鄰）【文林、武林國小自由學區】 二、潭底里（1－10鄰）【文林、武林、樹林國小自由學區】 三、圳生里（2－9鄰）【文林、三多、武林國小自由學區】 四、新莊區西盛里（12鄰）【文林國小、新莊區光華國小自由學區】  ",""
"382088700Y","樹林國小","65000070","樹林區","樹北里、樹西里、育英里、樹德里、樹興里、樹東里（1－10、12鄰）、樹福里（1－18、20鄰）、樹人里（7－21鄰）、樹南里（1－11、24－29鄰）","潭底里（1－10鄰）【樹林、文林、武林國小自由學區】",""
"382089600Y","育林國小","65000070","樹林區","坡內里、東昇里（1－8、17－28鄰）、樹人里（1－6鄰）、樹南里（12－23鄰）","",""
